,id,omeka_url
0,0072430cx097-12,https://v3.imaginerio.org/api/items/4
1,0072430cx098-08,https://v3.imaginerio.org/api/items/5
2,013RJ001004,https://v3.imaginerio.org/api/items/6
3,013RJ001005,https://v3.imaginerio.org/api/items/7
4,013RJ001009,https://v3.imaginerio.org/api/items/8
5,001AAN005121,https://v3.imaginerio.org/api/items/19
6,001AAN005122,https://v3.imaginerio.org/api/items/20
7,001AAN005123,https://v3.imaginerio.org/api/items/21
8,001AAN005124,https://v3.imaginerio.org/api/items/22
9,001AAN005125,https://v3.imaginerio.org/api/items/23
10,001AAN005126,https://v3.imaginerio.org/api/items/24
11,001AAN005127,https://v3.imaginerio.org/api/items/25
12,001AAN005128,https://v3.imaginerio.org/api/items/26
13,001AAN005129,https://v3.imaginerio.org/api/items/27
14,001AAN005135,https://v3.imaginerio.org/api/items/28
15,001AAN005136,https://v3.imaginerio.org/api/items/29
16,001AAN005137,https://v3.imaginerio.org/api/items/30
17,001AAN005138,https://v3.imaginerio.org/api/items/31
18,001AAN005139,https://v3.imaginerio.org/api/items/32
19,001AAN005140,https://v3.imaginerio.org/api/items/33
20,001AAN005141,https://v3.imaginerio.org/api/items/34
21,001AAN005142,https://v3.imaginerio.org/api/items/35
22,001AAN005143,https://v3.imaginerio.org/api/items/36
23,001AAN005144,https://v3.imaginerio.org/api/items/37
24,001AAN005145,https://v3.imaginerio.org/api/items/38
25,001AAN005146,https://v3.imaginerio.org/api/items/39
26,001AAN005147,https://v3.imaginerio.org/api/items/40
27,001AAN005148,https://v3.imaginerio.org/api/items/41
28,001AAN005149,https://v3.imaginerio.org/api/items/42
29,001AAN005150,https://v3.imaginerio.org/api/items/43
30,001AAN005151,https://v3.imaginerio.org/api/items/44
31,001ACL017002,https://v3.imaginerio.org/api/items/45
32,001ACL017006,https://v3.imaginerio.org/api/items/46
33,001ACL017018,https://v3.imaginerio.org/api/items/47
34,001ACL017022,https://v3.imaginerio.org/api/items/48
35,001AE001001,https://v3.imaginerio.org/api/items/49
36,001AE001002,https://v3.imaginerio.org/api/items/50
37,001AE001003,https://v3.imaginerio.org/api/items/51
38,001AF001001,https://v3.imaginerio.org/api/items/52
39,001ALA011001,https://v3.imaginerio.org/api/items/53
40,001ALA011002,https://v3.imaginerio.org/api/items/54
41,001ALA011003,https://v3.imaginerio.org/api/items/55
42,001ALA011004,https://v3.imaginerio.org/api/items/56
43,001ALA011005,https://v3.imaginerio.org/api/items/57
44,001ALA011006,https://v3.imaginerio.org/api/items/58
45,001ALA011007,https://v3.imaginerio.org/api/items/59
46,001ALA011008,https://v3.imaginerio.org/api/items/60
47,001ALA011009,https://v3.imaginerio.org/api/items/61
48,001ALA011010,https://v3.imaginerio.org/api/items/62
49,001ALA011011,https://v3.imaginerio.org/api/items/63
50,001ALA011012,https://v3.imaginerio.org/api/items/64
51,001ALA011013,https://v3.imaginerio.org/api/items/65
52,001ALA011014,https://v3.imaginerio.org/api/items/66
53,001ALA011015,https://v3.imaginerio.org/api/items/67
54,001ALA011016,https://v3.imaginerio.org/api/items/68
55,001ALA011017,https://v3.imaginerio.org/api/items/69
56,001ALA011018,https://v3.imaginerio.org/api/items/70
57,001ALA011019,https://v3.imaginerio.org/api/items/71
58,001ALA011020,https://v3.imaginerio.org/api/items/72
59,001AM001001,https://v3.imaginerio.org/api/items/73
60,001AM002001,https://v3.imaginerio.org/api/items/74
61,001AM002002,https://v3.imaginerio.org/api/items/75
62,001AM003,https://v3.imaginerio.org/api/items/76
63,001AM004,https://v3.imaginerio.org/api/items/77
64,001AM005001,https://v3.imaginerio.org/api/items/78
65,001AM005002,https://v3.imaginerio.org/api/items/79
66,001AM006,https://v3.imaginerio.org/api/items/80
67,001AM008,https://v3.imaginerio.org/api/items/81
68,001AM010,https://v3.imaginerio.org/api/items/82
69,001AM011,https://v3.imaginerio.org/api/items/83
70,001AM013,https://v3.imaginerio.org/api/items/84
71,001AM014001,https://v3.imaginerio.org/api/items/85
72,001AM014002,https://v3.imaginerio.org/api/items/86
73,001AMF016001,https://v3.imaginerio.org/api/items/87
74,001AMF016002,https://v3.imaginerio.org/api/items/88
75,001AMF016005,https://v3.imaginerio.org/api/items/89
76,001AMF016006,https://v3.imaginerio.org/api/items/90
77,001AMF016008,https://v3.imaginerio.org/api/items/91
78,001AMF016016,https://v3.imaginerio.org/api/items/92
79,001AMF016025,https://v3.imaginerio.org/api/items/93
80,001AMF016042,https://v3.imaginerio.org/api/items/94
81,001AN01001001,https://v3.imaginerio.org/api/items/95
82,001AN01001002,https://v3.imaginerio.org/api/items/96
83,001AN01001003,https://v3.imaginerio.org/api/items/97
84,001AN01001004,https://v3.imaginerio.org/api/items/98
85,001AN01001006,https://v3.imaginerio.org/api/items/99
86,001AN01001007,https://v3.imaginerio.org/api/items/100
87,001AN01001008,https://v3.imaginerio.org/api/items/101
88,001AN01001009,https://v3.imaginerio.org/api/items/102
89,001AN01001010,https://v3.imaginerio.org/api/items/103
90,001AN01001011,https://v3.imaginerio.org/api/items/104
91,001AN01001018,https://v3.imaginerio.org/api/items/105
92,001AN01001019,https://v3.imaginerio.org/api/items/106
93,001AN01001020,https://v3.imaginerio.org/api/items/107
94,001AN01001026,https://v3.imaginerio.org/api/items/108
95,001AN01001027,https://v3.imaginerio.org/api/items/109
96,001AN01001029,https://v3.imaginerio.org/api/items/110
97,001AN01001031,https://v3.imaginerio.org/api/items/111
98,001AN01002001,https://v3.imaginerio.org/api/items/112
99,001AN01002002,https://v3.imaginerio.org/api/items/113
100,001AN01002003,https://v3.imaginerio.org/api/items/114
101,001AN01002004,https://v3.imaginerio.org/api/items/115
102,001AN01002005,https://v3.imaginerio.org/api/items/116
103,001AN01002006,https://v3.imaginerio.org/api/items/117
104,001AN01002007,https://v3.imaginerio.org/api/items/118
105,001AN01002008,https://v3.imaginerio.org/api/items/119
106,001AN01002009A,https://v3.imaginerio.org/api/items/120
107,001AN01002009B,https://v3.imaginerio.org/api/items/121
108,001AN01002010,https://v3.imaginerio.org/api/items/122
109,001AN01002011,https://v3.imaginerio.org/api/items/123
110,001AN01002012,https://v3.imaginerio.org/api/items/124
111,001AN01002013,https://v3.imaginerio.org/api/items/125
112,001AN01002014,https://v3.imaginerio.org/api/items/126
113,001AN01002015,https://v3.imaginerio.org/api/items/127
114,001AN01002016,https://v3.imaginerio.org/api/items/128
115,001AN01002017A,https://v3.imaginerio.org/api/items/129
116,001AN01002017B,https://v3.imaginerio.org/api/items/130
117,001AN01002018,https://v3.imaginerio.org/api/items/131
118,001AN01002019,https://v3.imaginerio.org/api/items/132
119,001AN01002020,https://v3.imaginerio.org/api/items/133
120,001AN01002021,https://v3.imaginerio.org/api/items/134
121,001AN01002022,https://v3.imaginerio.org/api/items/135
122,001AN01002023,https://v3.imaginerio.org/api/items/136
123,001AN01002025,https://v3.imaginerio.org/api/items/137
124,001AN01002026,https://v3.imaginerio.org/api/items/138
125,001AN01002027,https://v3.imaginerio.org/api/items/139
126,001AN01002028,https://v3.imaginerio.org/api/items/140
127,001AN01002029,https://v3.imaginerio.org/api/items/141
128,001AN01002030,https://v3.imaginerio.org/api/items/142
129,001AN01002031,https://v3.imaginerio.org/api/items/143
130,001AN01002032,https://v3.imaginerio.org/api/items/144
131,001AN01002034,https://v3.imaginerio.org/api/items/145
132,001AN01002035,https://v3.imaginerio.org/api/items/146
133,001AN01002038,https://v3.imaginerio.org/api/items/147
134,001AN01002039,https://v3.imaginerio.org/api/items/148
135,001AN01002040,https://v3.imaginerio.org/api/items/149
136,001AN01002041,https://v3.imaginerio.org/api/items/150
137,001AN01002045,https://v3.imaginerio.org/api/items/151
138,001AN01002047,https://v3.imaginerio.org/api/items/152
139,001AN01002048,https://v3.imaginerio.org/api/items/153
140,001AN01002049,https://v3.imaginerio.org/api/items/154
141,001AN01002050,https://v3.imaginerio.org/api/items/155
142,001AN01002051,https://v3.imaginerio.org/api/items/156
143,001AN01002052,https://v3.imaginerio.org/api/items/157
144,001AN01002053,https://v3.imaginerio.org/api/items/158
145,001AN01002054,https://v3.imaginerio.org/api/items/159
146,001AN01002055,https://v3.imaginerio.org/api/items/160
147,001AN01002056,https://v3.imaginerio.org/api/items/161
148,001AN01002057,https://v3.imaginerio.org/api/items/162
149,001AN01002059,https://v3.imaginerio.org/api/items/163
150,001AN01002060,https://v3.imaginerio.org/api/items/164
151,001AN01002067A,https://v3.imaginerio.org/api/items/165
152,001AN01002067B,https://v3.imaginerio.org/api/items/166
153,001AN01002074,https://v3.imaginerio.org/api/items/167
154,001AN01002075,https://v3.imaginerio.org/api/items/168
155,001AN01002076,https://v3.imaginerio.org/api/items/169
156,001AN01002077,https://v3.imaginerio.org/api/items/170
157,001AN01002078,https://v3.imaginerio.org/api/items/171
158,001AN02001004,https://v3.imaginerio.org/api/items/172
159,001AN02001005,https://v3.imaginerio.org/api/items/173
160,001AN29001002,https://v3.imaginerio.org/api/items/174
161,001AN29001003,https://v3.imaginerio.org/api/items/175
162,001AN29001004,https://v3.imaginerio.org/api/items/176
163,001AN30001001,https://v3.imaginerio.org/api/items/177
164,001AN31001002,https://v3.imaginerio.org/api/items/178
165,001AN32001,https://v3.imaginerio.org/api/items/179
166,001BA003001,https://v3.imaginerio.org/api/items/180
167,001BO001001,https://v3.imaginerio.org/api/items/181
168,001CC001024,https://v3.imaginerio.org/api/items/182
169,001CC001027,https://v3.imaginerio.org/api/items/183
170,001CC001032,https://v3.imaginerio.org/api/items/184
171,001CC002,https://v3.imaginerio.org/api/items/185
172,001CC007014,https://v3.imaginerio.org/api/items/186
173,001CC008005,https://v3.imaginerio.org/api/items/187
174,001CC008007,https://v3.imaginerio.org/api/items/188
175,001CC015001,https://v3.imaginerio.org/api/items/189
176,001CC015002,https://v3.imaginerio.org/api/items/190
177,001CC015003,https://v3.imaginerio.org/api/items/191
178,001CC015005,https://v3.imaginerio.org/api/items/192
179,001CC016001,https://v3.imaginerio.org/api/items/193
180,001CC016002,https://v3.imaginerio.org/api/items/194
181,001CC016003,https://v3.imaginerio.org/api/items/195
182,001CC017001,https://v3.imaginerio.org/api/items/196
183,001CC017002,https://v3.imaginerio.org/api/items/197
184,001CC018,https://v3.imaginerio.org/api/items/198
185,001CC019001,https://v3.imaginerio.org/api/items/199
186,001CC019002,https://v3.imaginerio.org/api/items/200
187,001CC019005,https://v3.imaginerio.org/api/items/201
188,001CC019007,https://v3.imaginerio.org/api/items/202
189,001CC019008,https://v3.imaginerio.org/api/items/203
190,001CC019010,https://v3.imaginerio.org/api/items/204
191,001CC019011,https://v3.imaginerio.org/api/items/205
192,001CC019012,https://v3.imaginerio.org/api/items/206
193,001CC019013,https://v3.imaginerio.org/api/items/207
194,001CC019014,https://v3.imaginerio.org/api/items/208
195,001CC020001,https://v3.imaginerio.org/api/items/209
196,001CC020002,https://v3.imaginerio.org/api/items/210
197,001CC021,https://v3.imaginerio.org/api/items/211
198,001CC023002,https://v3.imaginerio.org/api/items/212
199,001CC023003,https://v3.imaginerio.org/api/items/213
200,001CE001,https://v3.imaginerio.org/api/items/214
201,001CO001002,https://v3.imaginerio.org/api/items/215
202,001CO001004,https://v3.imaginerio.org/api/items/216
203,001CO001005,https://v3.imaginerio.org/api/items/217
204,001FM001001,https://v3.imaginerio.org/api/items/218
205,001FM001002,https://v3.imaginerio.org/api/items/219
206,001FM001003,https://v3.imaginerio.org/api/items/220
207,001GU001001,https://v3.imaginerio.org/api/items/221
208,001GU001002,https://v3.imaginerio.org/api/items/222
209,001GU001003,https://v3.imaginerio.org/api/items/223
210,001GU001005,https://v3.imaginerio.org/api/items/224
211,001GU001010,https://v3.imaginerio.org/api/items/225
212,001GU001012,https://v3.imaginerio.org/api/items/226
213,001GU001013,https://v3.imaginerio.org/api/items/227
214,001GU001019,https://v3.imaginerio.org/api/items/228
215,001GU001021,https://v3.imaginerio.org/api/items/229
216,001GU001025,https://v3.imaginerio.org/api/items/230
217,001GU001029,https://v3.imaginerio.org/api/items/231
218,001GU001031,https://v3.imaginerio.org/api/items/232
219,001GU001033,https://v3.imaginerio.org/api/items/233
220,001MF003002,https://v3.imaginerio.org/api/items/234
221,001MF003007,https://v3.imaginerio.org/api/items/235
222,001MF012003,https://v3.imaginerio.org/api/items/236
223,001RR005,https://v3.imaginerio.org/api/items/237
224,001SW001001,https://v3.imaginerio.org/api/items/238
225,001SW001003,https://v3.imaginerio.org/api/items/239
226,002008OBAC008,https://v3.imaginerio.org/api/items/240
227,002008OBAC010,https://v3.imaginerio.org/api/items/241
228,002051AM001001,https://v3.imaginerio.org/api/items/242
229,002051AM001003,https://v3.imaginerio.org/api/items/243
230,002051AM001004,https://v3.imaginerio.org/api/items/244
231,002051AM001005,https://v3.imaginerio.org/api/items/245
232,002051AM002002,https://v3.imaginerio.org/api/items/246
233,002051AN009,https://v3.imaginerio.org/api/items/247
234,002051AN010,https://v3.imaginerio.org/api/items/248
235,002054VIAN004,https://v3.imaginerio.org/api/items/249
236,002054VIAN012,https://v3.imaginerio.org/api/items/250
237,002054VIAN014,https://v3.imaginerio.org/api/items/251
238,002054VIAN031,https://v3.imaginerio.org/api/items/252
239,002054VIAN040,https://v3.imaginerio.org/api/items/253
240,002080BR0206,https://v3.imaginerio.org/api/items/254
241,002080BR0207,https://v3.imaginerio.org/api/items/255
242,002080RJ2807,https://v3.imaginerio.org/api/items/256
243,002080RJ2815,https://v3.imaginerio.org/api/items/257
244,0071824cx001-01,https://v3.imaginerio.org/api/items/258
245,0071824cx001-02,https://v3.imaginerio.org/api/items/259
246,0071824cx001-04,https://v3.imaginerio.org/api/items/260
247,0071824cx001-05,https://v3.imaginerio.org/api/items/261
248,0071824cx001-06,https://v3.imaginerio.org/api/items/262
249,0071824cx001-08,https://v3.imaginerio.org/api/items/263
250,0071824cx001-09,https://v3.imaginerio.org/api/items/264
251,0071824cx001-10,https://v3.imaginerio.org/api/items/265
252,0071824cx001-11,https://v3.imaginerio.org/api/items/266
253,0071824cx001-13,https://v3.imaginerio.org/api/items/267
254,0071824cx001-14,https://v3.imaginerio.org/api/items/268
255,0071824cx001-15,https://v3.imaginerio.org/api/items/269
256,0071824cx003a-04,https://v3.imaginerio.org/api/items/270
257,0071824cx003a-05,https://v3.imaginerio.org/api/items/271
258,0071824cx003a-06,https://v3.imaginerio.org/api/items/272
259,0071824cx003a-09,https://v3.imaginerio.org/api/items/273
260,0071824cx004-01,https://v3.imaginerio.org/api/items/274
261,0071824cx004-02,https://v3.imaginerio.org/api/items/275
262,0071824cx006-01,https://v3.imaginerio.org/api/items/276
263,0071824cx006-02,https://v3.imaginerio.org/api/items/277
264,0071824cx006-03,https://v3.imaginerio.org/api/items/278
265,0071824cx006-04,https://v3.imaginerio.org/api/items/279
266,0071824cx006-12,https://v3.imaginerio.org/api/items/280
267,0071824cx006-13,https://v3.imaginerio.org/api/items/281
268,0071824cx006-15,https://v3.imaginerio.org/api/items/282
269,0071824cx007-01,https://v3.imaginerio.org/api/items/283
270,0071824cx007-02,https://v3.imaginerio.org/api/items/284
271,0071824cx007-03,https://v3.imaginerio.org/api/items/285
272,0071824cx007-04,https://v3.imaginerio.org/api/items/286
273,0071824cx010-10,https://v3.imaginerio.org/api/items/287
274,0071824cx011-02,https://v3.imaginerio.org/api/items/288
275,0071824cx011-03,https://v3.imaginerio.org/api/items/289
276,0071824cx011-04,https://v3.imaginerio.org/api/items/290
277,0071824cx011-05,https://v3.imaginerio.org/api/items/291
278,0071824cx011-06,https://v3.imaginerio.org/api/items/292
279,0071824cx015a-01,https://v3.imaginerio.org/api/items/293
280,0071824cx015a-02,https://v3.imaginerio.org/api/items/294
281,0071824cx015a-10,https://v3.imaginerio.org/api/items/295
282,0071824cx016-04,https://v3.imaginerio.org/api/items/296
283,0071824cx016-07,https://v3.imaginerio.org/api/items/297
284,0071824cx016-08,https://v3.imaginerio.org/api/items/298
285,0071824cx016-10,https://v3.imaginerio.org/api/items/299
286,0071824cx016-11,https://v3.imaginerio.org/api/items/300
287,0071824cx016-12,https://v3.imaginerio.org/api/items/301
288,0071824cx017a-02,https://v3.imaginerio.org/api/items/302
289,0071824cx017a-04,https://v3.imaginerio.org/api/items/303
290,0071824cx017a-05,https://v3.imaginerio.org/api/items/304
291,0071824cx017a-06,https://v3.imaginerio.org/api/items/305
292,0071824cx017a-07,https://v3.imaginerio.org/api/items/306
293,0071824cx017a-08,https://v3.imaginerio.org/api/items/307
294,0071824cx017a-09,https://v3.imaginerio.org/api/items/308
295,0071824cx017a-10,https://v3.imaginerio.org/api/items/309
296,0071824cx017a-11,https://v3.imaginerio.org/api/items/310
297,0071824cx019-01,https://v3.imaginerio.org/api/items/311
298,0071824cx019-02,https://v3.imaginerio.org/api/items/312
299,0071824cx019-03,https://v3.imaginerio.org/api/items/313
300,0071824cx019-04,https://v3.imaginerio.org/api/items/314
301,0071824cx019-05,https://v3.imaginerio.org/api/items/315
302,0071824cx019-06,https://v3.imaginerio.org/api/items/316
303,0071824cx019-07,https://v3.imaginerio.org/api/items/317
304,0071824cx019-08,https://v3.imaginerio.org/api/items/318
305,0071824cx019-10,https://v3.imaginerio.org/api/items/319
306,0071824cx019-11,https://v3.imaginerio.org/api/items/320
307,0071824cx019-12,https://v3.imaginerio.org/api/items/321
308,0071824cx019-13,https://v3.imaginerio.org/api/items/322
309,0071824cx020-01,https://v3.imaginerio.org/api/items/323
310,0071824cx020-02,https://v3.imaginerio.org/api/items/324
311,0071824cx020-03,https://v3.imaginerio.org/api/items/325
312,0071824cx020-04,https://v3.imaginerio.org/api/items/326
313,0071824cx020-08,https://v3.imaginerio.org/api/items/327
314,0071824cx020-09,https://v3.imaginerio.org/api/items/328
315,0071824cx020-11,https://v3.imaginerio.org/api/items/329
316,0071824cx020-12,https://v3.imaginerio.org/api/items/330
317,0071824cx021-01,https://v3.imaginerio.org/api/items/331
318,0071824cx021-02,https://v3.imaginerio.org/api/items/332
319,0071824cx021-03,https://v3.imaginerio.org/api/items/333
320,0071824cx021-04,https://v3.imaginerio.org/api/items/334
321,0071824cx021-05,https://v3.imaginerio.org/api/items/335
322,0071824cx021-06,https://v3.imaginerio.org/api/items/336
323,0071824cx021-07,https://v3.imaginerio.org/api/items/337
324,0071824cx021-08,https://v3.imaginerio.org/api/items/338
325,0071824cx021-09,https://v3.imaginerio.org/api/items/339
326,0071824cx021-10,https://v3.imaginerio.org/api/items/340
327,0071824cx021-11,https://v3.imaginerio.org/api/items/341
328,0071824cx021-13,https://v3.imaginerio.org/api/items/342
329,0071824cx022-05,https://v3.imaginerio.org/api/items/343
330,0071824cx022-07,https://v3.imaginerio.org/api/items/344
331,0071824cx022-13,https://v3.imaginerio.org/api/items/345
332,0071824cx022-14,https://v3.imaginerio.org/api/items/346
333,0071824cx022-15,https://v3.imaginerio.org/api/items/347
334,0071824cx023-01,https://v3.imaginerio.org/api/items/348
335,0071824cx023-02,https://v3.imaginerio.org/api/items/349
336,0071824cx023-04,https://v3.imaginerio.org/api/items/350
337,0071824cx023-05,https://v3.imaginerio.org/api/items/351
338,0071824cx023-06,https://v3.imaginerio.org/api/items/352
339,0071824cx023-07,https://v3.imaginerio.org/api/items/353
340,0071824cx023-08,https://v3.imaginerio.org/api/items/354
341,0071824cx024-01,https://v3.imaginerio.org/api/items/355
342,0071824cx024-02,https://v3.imaginerio.org/api/items/356
343,0071824cx024-03,https://v3.imaginerio.org/api/items/357
344,0071824cx024-04,https://v3.imaginerio.org/api/items/358
345,0071824cx024-05,https://v3.imaginerio.org/api/items/359
346,0071824cx024-07,https://v3.imaginerio.org/api/items/360
347,0071824cx028-01,https://v3.imaginerio.org/api/items/361
348,0071824cx028-02,https://v3.imaginerio.org/api/items/362
349,0071824cx028-03,https://v3.imaginerio.org/api/items/363
350,0071824cx028-05,https://v3.imaginerio.org/api/items/364
351,0071824cx028-08,https://v3.imaginerio.org/api/items/365
352,0071824cx028-09,https://v3.imaginerio.org/api/items/366
353,0071824cx028-10,https://v3.imaginerio.org/api/items/367
354,0071824cx028-11,https://v3.imaginerio.org/api/items/368
355,0071824cx031-07,https://v3.imaginerio.org/api/items/369
356,0071824cx031-08,https://v3.imaginerio.org/api/items/370
357,0071824cx036a-02,https://v3.imaginerio.org/api/items/371
358,0071824cx036a-03,https://v3.imaginerio.org/api/items/372
359,0071824cx036a-04,https://v3.imaginerio.org/api/items/373
360,0071824cx036a-05,https://v3.imaginerio.org/api/items/374
361,0071824cx036a-06,https://v3.imaginerio.org/api/items/375
362,0071824cx036a-08,https://v3.imaginerio.org/api/items/376
363,0071824cx036b-01,https://v3.imaginerio.org/api/items/377
364,0071824cx036b-03,https://v3.imaginerio.org/api/items/378
365,0071824cx036b-04,https://v3.imaginerio.org/api/items/379
366,0071824cx036b-05,https://v3.imaginerio.org/api/items/380
367,0071824cx036b-06,https://v3.imaginerio.org/api/items/381
368,0071824cx037-01,https://v3.imaginerio.org/api/items/382
369,0071824cx037-02,https://v3.imaginerio.org/api/items/383
370,0071824cx037-04,https://v3.imaginerio.org/api/items/384
371,0071824cx037-05,https://v3.imaginerio.org/api/items/385
372,0071824cx037-09,https://v3.imaginerio.org/api/items/386
373,0071824cx037-10,https://v3.imaginerio.org/api/items/387
374,0071824cx037-11,https://v3.imaginerio.org/api/items/388
375,0071824cx037-12,https://v3.imaginerio.org/api/items/389
376,0071824cx037-13,https://v3.imaginerio.org/api/items/390
377,0071824cx037-14,https://v3.imaginerio.org/api/items/391
378,0071824cx037-15,https://v3.imaginerio.org/api/items/392
379,0071824cx038-09,https://v3.imaginerio.org/api/items/393
380,0071824cx038-10,https://v3.imaginerio.org/api/items/394
381,0071824cx038-11,https://v3.imaginerio.org/api/items/395
382,0071824cx038-12,https://v3.imaginerio.org/api/items/396
383,0071824cx038-13,https://v3.imaginerio.org/api/items/397
384,0071824cx038-14,https://v3.imaginerio.org/api/items/398
385,0071824cx039-04,https://v3.imaginerio.org/api/items/399
386,0071824cx040-01,https://v3.imaginerio.org/api/items/400
387,0071824cx040-03,https://v3.imaginerio.org/api/items/401
388,0071824cx040-05,https://v3.imaginerio.org/api/items/402
389,0071824cx040-07,https://v3.imaginerio.org/api/items/403
390,0071824cx040-08,https://v3.imaginerio.org/api/items/404
391,0071824cx040-09,https://v3.imaginerio.org/api/items/405
392,0071824cx040-10,https://v3.imaginerio.org/api/items/406
393,0071824cx040-11,https://v3.imaginerio.org/api/items/407
394,0071824cx040-12,https://v3.imaginerio.org/api/items/408
395,0071824cx040-13,https://v3.imaginerio.org/api/items/409
396,0071824cx041-01,https://v3.imaginerio.org/api/items/410
397,0071824cx041-02,https://v3.imaginerio.org/api/items/411
398,0071824cx042-01,https://v3.imaginerio.org/api/items/412
399,0071824cx042-02,https://v3.imaginerio.org/api/items/413
400,0071824cx042-03,https://v3.imaginerio.org/api/items/414
401,0071824cx042-06,https://v3.imaginerio.org/api/items/415
402,0071824cx042-07,https://v3.imaginerio.org/api/items/416
403,0071824cx042-08,https://v3.imaginerio.org/api/items/417
404,0071824cx042-09,https://v3.imaginerio.org/api/items/418
405,0071824cx042-10,https://v3.imaginerio.org/api/items/419
406,0071824cx042-11,https://v3.imaginerio.org/api/items/420
407,0071824cx042-13,https://v3.imaginerio.org/api/items/421
408,0071824cx043a-01,https://v3.imaginerio.org/api/items/422
409,0071824cx043a-03,https://v3.imaginerio.org/api/items/423
410,0071824cx043a-11,https://v3.imaginerio.org/api/items/424
411,0071824cx045-03,https://v3.imaginerio.org/api/items/425
412,0071824cx045-04,https://v3.imaginerio.org/api/items/426
413,0071824cx045-10,https://v3.imaginerio.org/api/items/427
414,0071824cx045-11,https://v3.imaginerio.org/api/items/428
415,0071824cx045-12,https://v3.imaginerio.org/api/items/429
416,0071824cx046-02,https://v3.imaginerio.org/api/items/430
417,0071824cx046-05,https://v3.imaginerio.org/api/items/431
418,0071824cx049b-02,https://v3.imaginerio.org/api/items/432
419,0071824cx049b-06,https://v3.imaginerio.org/api/items/433
420,0071824cx049b-08,https://v3.imaginerio.org/api/items/434
421,0071824cx050-01,https://v3.imaginerio.org/api/items/435
422,0071824cx050-06,https://v3.imaginerio.org/api/items/436
423,0071824cx056-01,https://v3.imaginerio.org/api/items/437
424,0071824cx056-02,https://v3.imaginerio.org/api/items/438
425,0071824cx056-04,https://v3.imaginerio.org/api/items/439
426,0071824cx056-05,https://v3.imaginerio.org/api/items/440
427,0071824cx056-06,https://v3.imaginerio.org/api/items/441
428,0071824cx056-07,https://v3.imaginerio.org/api/items/442
429,0071824cx056-08,https://v3.imaginerio.org/api/items/443
430,0071824cx057-03,https://v3.imaginerio.org/api/items/444
431,0071824cx057-04,https://v3.imaginerio.org/api/items/445
432,0071824cx057-09,https://v3.imaginerio.org/api/items/446
433,0071824cx057-10,https://v3.imaginerio.org/api/items/447
434,0071824cx057-11,https://v3.imaginerio.org/api/items/448
435,0071824cx060-01,https://v3.imaginerio.org/api/items/449
436,0071824cx060-04,https://v3.imaginerio.org/api/items/450
437,0071824cx060-05,https://v3.imaginerio.org/api/items/451
438,0071824cx060-06,https://v3.imaginerio.org/api/items/452
439,0071824cx060-07,https://v3.imaginerio.org/api/items/453
440,0071824cx063-02,https://v3.imaginerio.org/api/items/454
441,0071824cx063-06,https://v3.imaginerio.org/api/items/455
442,0071824cx063-08,https://v3.imaginerio.org/api/items/456
443,0071824cx063-09,https://v3.imaginerio.org/api/items/457
444,0071824cx063-10,https://v3.imaginerio.org/api/items/458
445,0071824cx064-10,https://v3.imaginerio.org/api/items/459
446,0071824cx064-11,https://v3.imaginerio.org/api/items/460
447,0071824cx064-14,https://v3.imaginerio.org/api/items/461
448,0071824cx065-02,https://v3.imaginerio.org/api/items/462
449,0071824cx065-03,https://v3.imaginerio.org/api/items/463
450,0071824cx065-05,https://v3.imaginerio.org/api/items/464
451,0071824cx065-06,https://v3.imaginerio.org/api/items/465
452,0071824cx065-07,https://v3.imaginerio.org/api/items/466
453,0071824cx065-08,https://v3.imaginerio.org/api/items/467
454,0071824cx065-09,https://v3.imaginerio.org/api/items/468
455,0071824cx065-10,https://v3.imaginerio.org/api/items/469
456,0071824cx065-11,https://v3.imaginerio.org/api/items/470
457,0071824cx065-12,https://v3.imaginerio.org/api/items/471
458,0071824cx066-08,https://v3.imaginerio.org/api/items/472
459,0071824cx066-12,https://v3.imaginerio.org/api/items/473
460,0071824cx066-13,https://v3.imaginerio.org/api/items/474
461,0071824cx066-14,https://v3.imaginerio.org/api/items/475
462,0071824cx066-15,https://v3.imaginerio.org/api/items/476
463,0071824cx066-16,https://v3.imaginerio.org/api/items/477
464,0071824cx067-01,https://v3.imaginerio.org/api/items/478
465,0071824cx067-02,https://v3.imaginerio.org/api/items/479
466,0071824cx067-03,https://v3.imaginerio.org/api/items/480
467,0071824cx067-04,https://v3.imaginerio.org/api/items/481
468,0071824cx067-05,https://v3.imaginerio.org/api/items/482
469,0071824cx068-01,https://v3.imaginerio.org/api/items/483
470,0071824cx068-09,https://v3.imaginerio.org/api/items/484
471,0071824cx068-10,https://v3.imaginerio.org/api/items/485
472,0071824cx068-11,https://v3.imaginerio.org/api/items/486
473,0071824cx068-12,https://v3.imaginerio.org/api/items/487
474,0071824cx068-13,https://v3.imaginerio.org/api/items/488
475,0071824cx068-16,https://v3.imaginerio.org/api/items/489
476,0071824cx070-02,https://v3.imaginerio.org/api/items/490
477,0071824cx070-03,https://v3.imaginerio.org/api/items/491
478,0071824cx070-04,https://v3.imaginerio.org/api/items/492
479,0071824cx070-08,https://v3.imaginerio.org/api/items/493
480,0071824cx070-09,https://v3.imaginerio.org/api/items/494
481,0071824cx070-10,https://v3.imaginerio.org/api/items/495
482,0071824cx070-11,https://v3.imaginerio.org/api/items/496
483,0071824cx070-12,https://v3.imaginerio.org/api/items/497
484,0071824cx070-13,https://v3.imaginerio.org/api/items/498
485,0071824cx071-03,https://v3.imaginerio.org/api/items/499
486,0071824cx071-05,https://v3.imaginerio.org/api/items/500
487,0071824cx071-07,https://v3.imaginerio.org/api/items/501
488,0071824cx071-09,https://v3.imaginerio.org/api/items/502
489,0071824cx071-10,https://v3.imaginerio.org/api/items/503
490,0071824cx072-01,https://v3.imaginerio.org/api/items/504
491,0071824cx072-02,https://v3.imaginerio.org/api/items/505
492,0071824cx072-04,https://v3.imaginerio.org/api/items/506
493,0071824cx072-07,https://v3.imaginerio.org/api/items/507
494,0071824cx072-08,https://v3.imaginerio.org/api/items/508
495,0071824cx072-10,https://v3.imaginerio.org/api/items/509
496,0071824cx081-01,https://v3.imaginerio.org/api/items/510
497,0071824cx081-02,https://v3.imaginerio.org/api/items/511
498,0071824cx081-05,https://v3.imaginerio.org/api/items/512
499,0071824cx081-06,https://v3.imaginerio.org/api/items/513
500,0071824cx081-08,https://v3.imaginerio.org/api/items/514
501,0071824cx083-15,https://v3.imaginerio.org/api/items/515
502,0071824cx084-08,https://v3.imaginerio.org/api/items/516
503,0071824cx084-09,https://v3.imaginerio.org/api/items/517
504,0071824cx084-10,https://v3.imaginerio.org/api/items/518
505,0071824cx092-06,https://v3.imaginerio.org/api/items/519
506,0071824cx093-03,https://v3.imaginerio.org/api/items/520
507,0071824cx096b-01,https://v3.imaginerio.org/api/items/521
508,0071824cx096b-04,https://v3.imaginerio.org/api/items/522
509,0071824cx096b-05,https://v3.imaginerio.org/api/items/523
510,0071824cx098-02,https://v3.imaginerio.org/api/items/524
511,0071824cx098-03,https://v3.imaginerio.org/api/items/525
512,0071824cx098-06,https://v3.imaginerio.org/api/items/526
513,0071824cx098-08,https://v3.imaginerio.org/api/items/527
514,0071824cx101-07,https://v3.imaginerio.org/api/items/528
515,0071824cx101-09,https://v3.imaginerio.org/api/items/529
516,0071824cx101-10,https://v3.imaginerio.org/api/items/530
517,0071824cx101-11,https://v3.imaginerio.org/api/items/531
518,0071824cx106-03,https://v3.imaginerio.org/api/items/532
519,0071824cx106-04,https://v3.imaginerio.org/api/items/533
520,0071824cx106-06,https://v3.imaginerio.org/api/items/534
521,0071824cx106-07,https://v3.imaginerio.org/api/items/535
522,0071824cx109a-06,https://v3.imaginerio.org/api/items/536
523,0071824cx109a-07,https://v3.imaginerio.org/api/items/537
524,0071824cx111-02,https://v3.imaginerio.org/api/items/538
525,0071824cx111-05,https://v3.imaginerio.org/api/items/539
526,0071824cx112-01,https://v3.imaginerio.org/api/items/540
527,0071824cx112-02,https://v3.imaginerio.org/api/items/541
528,0071824cx112-03,https://v3.imaginerio.org/api/items/542
529,0071824cx112-04,https://v3.imaginerio.org/api/items/543
530,0071824cx112-05,https://v3.imaginerio.org/api/items/544
531,0071824cx112-06,https://v3.imaginerio.org/api/items/545
532,0071824cx112-07,https://v3.imaginerio.org/api/items/546
533,0071824cx112-08,https://v3.imaginerio.org/api/items/547
534,0071824cx112-10,https://v3.imaginerio.org/api/items/548
535,0071824cx112-11,https://v3.imaginerio.org/api/items/549
536,0071824cx114-01,https://v3.imaginerio.org/api/items/550
537,0071824cx114-02,https://v3.imaginerio.org/api/items/551
538,0071824cx114-03,https://v3.imaginerio.org/api/items/552
539,0071824cx114-04,https://v3.imaginerio.org/api/items/553
540,0071824cx114-05,https://v3.imaginerio.org/api/items/554
541,0071824cx114-06,https://v3.imaginerio.org/api/items/555
542,0071824cx125-01,https://v3.imaginerio.org/api/items/556
543,0071824cx126-01,https://v3.imaginerio.org/api/items/557
544,0071824cx126-02,https://v3.imaginerio.org/api/items/558
545,0071824cx126-05,https://v3.imaginerio.org/api/items/559
546,0071824cx126-06,https://v3.imaginerio.org/api/items/560
547,0071824cx126-08,https://v3.imaginerio.org/api/items/561
548,0071824cx126-09,https://v3.imaginerio.org/api/items/562
549,0071824cx126-10,https://v3.imaginerio.org/api/items/563
550,0071824cx126-11,https://v3.imaginerio.org/api/items/564
551,0071824cx127-06,https://v3.imaginerio.org/api/items/565
552,0071824cx127-07,https://v3.imaginerio.org/api/items/566
553,0071824cx127-08,https://v3.imaginerio.org/api/items/567
554,0071824cxambulantesb-05,https://v3.imaginerio.org/api/items/568
555,0071824cxavulsos2-03,https://v3.imaginerio.org/api/items/569
556,0071824cxavulsos2-04,https://v3.imaginerio.org/api/items/570
557,0071824cxjulioferrez2-01,https://v3.imaginerio.org/api/items/571
558,0071824cxminas3-07,https://v3.imaginerio.org/api/items/572
559,0071824cxpintcand-01,https://v3.imaginerio.org/api/items/573
560,0071824cxpintcand-03,https://v3.imaginerio.org/api/items/574
561,0071824cxpintcand-04,https://v3.imaginerio.org/api/items/575
562,0071824cxrio1-09,https://v3.imaginerio.org/api/items/576
563,0071824cxrio2-02_2,https://v3.imaginerio.org/api/items/577
564,0071824cxrio2-03,https://v3.imaginerio.org/api/items/578
565,0071824cxrio2-04,https://v3.imaginerio.org/api/items/579
566,0071824cxrio2-05,https://v3.imaginerio.org/api/items/580
567,0071824cxrio2-06,https://v3.imaginerio.org/api/items/581
568,0071824cxrio2-07,https://v3.imaginerio.org/api/items/582
569,0071824cxrio2-09,https://v3.imaginerio.org/api/items/583
570,0071824cxrio2-10,https://v3.imaginerio.org/api/items/584
571,0071824cxrio2-11,https://v3.imaginerio.org/api/items/585
572,0071824cxrio2-12,https://v3.imaginerio.org/api/items/586
573,0071824cxrio2-13,https://v3.imaginerio.org/api/items/587
574,0071824cxrio3-01,https://v3.imaginerio.org/api/items/588
575,0071824cxrio3-02,https://v3.imaginerio.org/api/items/589
576,0071824cxrio3-04,https://v3.imaginerio.org/api/items/590
577,0071824cxrio3-05,https://v3.imaginerio.org/api/items/591
578,0071824cxrio3-09,https://v3.imaginerio.org/api/items/592
579,0071824cxrio4-05,https://v3.imaginerio.org/api/items/593
580,0071824cxsn1-04,https://v3.imaginerio.org/api/items/594
581,0071824cxsn1-10,https://v3.imaginerio.org/api/items/595
582,0071824cxsn1-12,https://v3.imaginerio.org/api/items/596
583,0071824cxsn2-01,https://v3.imaginerio.org/api/items/597
584,0071824cxsn2-02,https://v3.imaginerio.org/api/items/598
585,0071824cxsn2-03,https://v3.imaginerio.org/api/items/599
586,0071824cxsn2-04,https://v3.imaginerio.org/api/items/600
587,0071824cxsn2-06,https://v3.imaginerio.org/api/items/601
588,0071824cxsn2-08,https://v3.imaginerio.org/api/items/602
589,0071824cxsn2-09,https://v3.imaginerio.org/api/items/603
590,0071824cxsn2-10,https://v3.imaginerio.org/api/items/604
591,0071824cxsn2-13,https://v3.imaginerio.org/api/items/605
592,0071824cxvarios1-01,https://v3.imaginerio.org/api/items/606
593,0071824cxvarios1-02,https://v3.imaginerio.org/api/items/607
594,0071824cxvarios1-03,https://v3.imaginerio.org/api/items/608
595,0071824cxvarios1-04,https://v3.imaginerio.org/api/items/609
596,0071824cxvarios1-05,https://v3.imaginerio.org/api/items/610
597,0071824cxvarios1-06,https://v3.imaginerio.org/api/items/611
598,0072430cx003b-01,https://v3.imaginerio.org/api/items/612
599,0072430cx003b-02,https://v3.imaginerio.org/api/items/613
600,0072430cx003b-03,https://v3.imaginerio.org/api/items/614
601,0072430cx003b-04,https://v3.imaginerio.org/api/items/615
602,0072430cx003b-05,https://v3.imaginerio.org/api/items/616
603,0072430cx003b-06,https://v3.imaginerio.org/api/items/617
604,0072430cx003b-07,https://v3.imaginerio.org/api/items/618
605,0072430cx003b-08,https://v3.imaginerio.org/api/items/619
606,0072430cx003b-09,https://v3.imaginerio.org/api/items/620
607,0072430cx003b-10,https://v3.imaginerio.org/api/items/621
608,0072430cx003b-11,https://v3.imaginerio.org/api/items/622
609,0072430cx004-01,https://v3.imaginerio.org/api/items/623
610,0072430cx004-02,https://v3.imaginerio.org/api/items/624
611,0072430cx004-03,https://v3.imaginerio.org/api/items/625
612,0072430cx006-01,https://v3.imaginerio.org/api/items/626
613,0072430cx006-03,https://v3.imaginerio.org/api/items/627
614,0072430cx006-04,https://v3.imaginerio.org/api/items/628
615,0072430cx006-05,https://v3.imaginerio.org/api/items/629
616,0072430cx006-12,https://v3.imaginerio.org/api/items/630
617,0072430cx007-03,https://v3.imaginerio.org/api/items/631
618,0072430cx007-05,https://v3.imaginerio.org/api/items/632
619,0072430cx007-07,https://v3.imaginerio.org/api/items/633
620,0072430cx007-11,https://v3.imaginerio.org/api/items/634
621,0072430cx007-13,https://v3.imaginerio.org/api/items/635
622,0072430cx009-01,https://v3.imaginerio.org/api/items/636
623,0072430cx009-02,https://v3.imaginerio.org/api/items/637
624,0072430cx009-03,https://v3.imaginerio.org/api/items/638
625,0072430cx009-04,https://v3.imaginerio.org/api/items/639
626,0072430cx009-05,https://v3.imaginerio.org/api/items/640
627,0072430cx009-06,https://v3.imaginerio.org/api/items/641
628,0072430cx009-07,https://v3.imaginerio.org/api/items/642
629,0072430cx009-08,https://v3.imaginerio.org/api/items/643
630,0072430cx009-09,https://v3.imaginerio.org/api/items/644
631,0072430cx010-03,https://v3.imaginerio.org/api/items/645
632,0072430cx010-05,https://v3.imaginerio.org/api/items/646
633,0072430cx010-06,https://v3.imaginerio.org/api/items/647
634,0072430cx011-01,https://v3.imaginerio.org/api/items/648
635,0072430cx011-04,https://v3.imaginerio.org/api/items/649
636,0072430cx011-06,https://v3.imaginerio.org/api/items/650
637,0072430cx022-16,https://v3.imaginerio.org/api/items/651
638,0072430cx023-04,https://v3.imaginerio.org/api/items/652
639,0072430cx025-02,https://v3.imaginerio.org/api/items/653
640,0072430cx027-01,https://v3.imaginerio.org/api/items/654
641,0072430cx027-04,https://v3.imaginerio.org/api/items/655
642,0072430cx027-05,https://v3.imaginerio.org/api/items/656
643,0072430cx027-06,https://v3.imaginerio.org/api/items/657
644,0072430cx027-07,https://v3.imaginerio.org/api/items/658
645,0072430cx027-08,https://v3.imaginerio.org/api/items/659
646,0072430cx027-09,https://v3.imaginerio.org/api/items/660
647,0072430cx027-10,https://v3.imaginerio.org/api/items/661
648,0072430cx027-11,https://v3.imaginerio.org/api/items/662
649,0072430cx027-12,https://v3.imaginerio.org/api/items/663
650,0072430cx028-01,https://v3.imaginerio.org/api/items/664
651,0072430cx028-02,https://v3.imaginerio.org/api/items/665
652,0072430cx028-03,https://v3.imaginerio.org/api/items/666
653,0072430cx030-01,https://v3.imaginerio.org/api/items/667
654,0072430cx030-04,https://v3.imaginerio.org/api/items/668
655,0072430cx031-05,https://v3.imaginerio.org/api/items/669
656,0072430cx031-07,https://v3.imaginerio.org/api/items/670
657,0072430cx031-08,https://v3.imaginerio.org/api/items/671
658,0072430cx031-11,https://v3.imaginerio.org/api/items/672
659,0072430cx031-13,https://v3.imaginerio.org/api/items/673
660,0072430cx032b-06,https://v3.imaginerio.org/api/items/674
661,0072430cx032b-07,https://v3.imaginerio.org/api/items/675
662,0072430cx033b-01,https://v3.imaginerio.org/api/items/676
663,0072430cx033b-02,https://v3.imaginerio.org/api/items/677
664,0072430cx037-06,https://v3.imaginerio.org/api/items/678
665,0072430cx040-01,https://v3.imaginerio.org/api/items/679
666,0072430cx040-02,https://v3.imaginerio.org/api/items/680
667,0072430cx040-03,https://v3.imaginerio.org/api/items/681
668,0072430cx040-05,https://v3.imaginerio.org/api/items/682
669,0072430cx040-06,https://v3.imaginerio.org/api/items/683
670,0072430cx040-07,https://v3.imaginerio.org/api/items/684
671,0072430cx040-08,https://v3.imaginerio.org/api/items/685
672,0072430cx041-01,https://v3.imaginerio.org/api/items/686
673,0072430cx043-02,https://v3.imaginerio.org/api/items/687
674,0072430cx043-03,https://v3.imaginerio.org/api/items/688
675,0072430cx043-05,https://v3.imaginerio.org/api/items/689
676,0072430cx043-06,https://v3.imaginerio.org/api/items/690
677,0072430cx043-07,https://v3.imaginerio.org/api/items/691
678,0072430cx043-08,https://v3.imaginerio.org/api/items/692
679,0072430cx043-09,https://v3.imaginerio.org/api/items/693
680,0072430cx044a-01,https://v3.imaginerio.org/api/items/694
681,0072430cx044a-04,https://v3.imaginerio.org/api/items/695
682,0072430cx044a-05,https://v3.imaginerio.org/api/items/696
683,0072430cx044a-07,https://v3.imaginerio.org/api/items/697
684,0072430cx044a-08,https://v3.imaginerio.org/api/items/698
685,0072430cx044a-09,https://v3.imaginerio.org/api/items/699
686,0072430cx045a-04,https://v3.imaginerio.org/api/items/700
687,0072430cx045a-05,https://v3.imaginerio.org/api/items/701
688,0072430cx046-01,https://v3.imaginerio.org/api/items/702
689,0072430cx046-02,https://v3.imaginerio.org/api/items/703
690,0072430cx046-03,https://v3.imaginerio.org/api/items/704
691,0072430cx046-06,https://v3.imaginerio.org/api/items/705
692,0072430cx046-08,https://v3.imaginerio.org/api/items/706
693,0072430cx046-09,https://v3.imaginerio.org/api/items/707
694,0072430cx046-10,https://v3.imaginerio.org/api/items/708
695,0072430cx046-11,https://v3.imaginerio.org/api/items/709
696,0072430cx046-12,https://v3.imaginerio.org/api/items/710
697,0072430cx046-13,https://v3.imaginerio.org/api/items/711
698,0072430cx046-15,https://v3.imaginerio.org/api/items/712
699,0072430cx046-16,https://v3.imaginerio.org/api/items/713
700,0072430cx047-02,https://v3.imaginerio.org/api/items/714
701,0072430cx047-03,https://v3.imaginerio.org/api/items/715
702,0072430cx047-04,https://v3.imaginerio.org/api/items/716
703,0072430cx050-04,https://v3.imaginerio.org/api/items/717
704,0072430cx050-05,https://v3.imaginerio.org/api/items/718
705,0072430cx050-06,https://v3.imaginerio.org/api/items/719
706,0072430cx053-02,https://v3.imaginerio.org/api/items/720
707,0072430cx053-06,https://v3.imaginerio.org/api/items/721
708,0072430cx055-04,https://v3.imaginerio.org/api/items/722
709,0072430cx055-05,https://v3.imaginerio.org/api/items/723
710,0072430cx055-06,https://v3.imaginerio.org/api/items/724
711,0072430cx055-07,https://v3.imaginerio.org/api/items/725
712,0072430cx055-08,https://v3.imaginerio.org/api/items/726
713,0072430cx055-10,https://v3.imaginerio.org/api/items/727
714,0072430cx055-11,https://v3.imaginerio.org/api/items/728
715,0072430cx056a-01,https://v3.imaginerio.org/api/items/729
716,0072430cx056a-04,https://v3.imaginerio.org/api/items/730
717,0072430cx056a-07,https://v3.imaginerio.org/api/items/731
718,0072430cx056a-08,https://v3.imaginerio.org/api/items/732
719,0072430cx056a-11,https://v3.imaginerio.org/api/items/733
720,0072430cx056a-12,https://v3.imaginerio.org/api/items/734
721,0072430cx058-02,https://v3.imaginerio.org/api/items/735
722,0072430cx058-03,https://v3.imaginerio.org/api/items/736
723,0072430cx058-04,https://v3.imaginerio.org/api/items/737
724,0072430cx058-05,https://v3.imaginerio.org/api/items/738
725,0072430cx058-06,https://v3.imaginerio.org/api/items/739
726,0072430cx058-09,https://v3.imaginerio.org/api/items/740
727,0072430cx058-10,https://v3.imaginerio.org/api/items/741
728,0072430cx058-11,https://v3.imaginerio.org/api/items/742
729,0072430cx058-12,https://v3.imaginerio.org/api/items/743
730,0072430cx058-13,https://v3.imaginerio.org/api/items/744
731,0072430cx058-14,https://v3.imaginerio.org/api/items/745
732,0072430cx061-03,https://v3.imaginerio.org/api/items/746
733,0072430cx066-01,https://v3.imaginerio.org/api/items/747
734,0072430cx066-03,https://v3.imaginerio.org/api/items/748
735,0072430cx066-07,https://v3.imaginerio.org/api/items/749
736,0072430cx066-08,https://v3.imaginerio.org/api/items/750
737,0072430cx066-09,https://v3.imaginerio.org/api/items/751
738,0072430cx066-10,https://v3.imaginerio.org/api/items/752
739,0072430cx066-11,https://v3.imaginerio.org/api/items/753
740,0072430cx066-12,https://v3.imaginerio.org/api/items/754
741,0072430cx066-13,https://v3.imaginerio.org/api/items/755
742,0072430cx068-02,https://v3.imaginerio.org/api/items/756
743,0072430cx068-03,https://v3.imaginerio.org/api/items/757
744,0072430cx068-05,https://v3.imaginerio.org/api/items/758
745,0072430cx068-08,https://v3.imaginerio.org/api/items/759
746,0072430cx069-06,https://v3.imaginerio.org/api/items/760
747,0072430cx069-07,https://v3.imaginerio.org/api/items/761
748,0072430cx069-08,https://v3.imaginerio.org/api/items/762
749,0072430cx069-10,https://v3.imaginerio.org/api/items/763
750,0072430cx097-05,https://v3.imaginerio.org/api/items/764
751,0072430cx097-06,https://v3.imaginerio.org/api/items/765
752,0072430cx097-09,https://v3.imaginerio.org/api/items/766
753,0072430cx097-10,https://v3.imaginerio.org/api/items/767
754,013RJ001010,https://v3.imaginerio.org/api/items/768
755,013RJ009013,https://v3.imaginerio.org/api/items/769
756,014AM001006,https://v3.imaginerio.org/api/items/770
757,014AM001009,https://v3.imaginerio.org/api/items/771
758,014AM001010,https://v3.imaginerio.org/api/items/772
759,014AM001011,https://v3.imaginerio.org/api/items/773
760,014AM001012,https://v3.imaginerio.org/api/items/774
761,014AM001013,https://v3.imaginerio.org/api/items/775
762,014AM002002,https://v3.imaginerio.org/api/items/776
763,014AM002003,https://v3.imaginerio.org/api/items/777
764,014AM002004,https://v3.imaginerio.org/api/items/778
765,014AM002005,https://v3.imaginerio.org/api/items/779
766,014AM002007,https://v3.imaginerio.org/api/items/780
767,014AM002008,https://v3.imaginerio.org/api/items/781
768,014AM002011,https://v3.imaginerio.org/api/items/782
769,014AM002012,https://v3.imaginerio.org/api/items/783
770,014AM002013,https://v3.imaginerio.org/api/items/784
771,014AM002015,https://v3.imaginerio.org/api/items/785
772,014AM002016,https://v3.imaginerio.org/api/items/786
773,014AM002017,https://v3.imaginerio.org/api/items/787
774,014AM002019,https://v3.imaginerio.org/api/items/788
775,014AM003001,https://v3.imaginerio.org/api/items/789
776,014AM003005,https://v3.imaginerio.org/api/items/790
777,014AM003006,https://v3.imaginerio.org/api/items/791
778,014AM003007,https://v3.imaginerio.org/api/items/792
779,014AM003008,https://v3.imaginerio.org/api/items/793
780,014AM003009,https://v3.imaginerio.org/api/items/794
781,014AM003012,https://v3.imaginerio.org/api/items/795
782,014AM003017,https://v3.imaginerio.org/api/items/796
783,014AM003018,https://v3.imaginerio.org/api/items/797
784,014AM003019,https://v3.imaginerio.org/api/items/798
785,014AM003020,https://v3.imaginerio.org/api/items/799
786,014AM004003,https://v3.imaginerio.org/api/items/800
787,014AM005001,https://v3.imaginerio.org/api/items/801
788,014AM005003,https://v3.imaginerio.org/api/items/802
789,014AM005005,https://v3.imaginerio.org/api/items/803
790,014AM005006,https://v3.imaginerio.org/api/items/804
791,014AM005008,https://v3.imaginerio.org/api/items/805
792,014AM005009,https://v3.imaginerio.org/api/items/806
793,014AM005013,https://v3.imaginerio.org/api/items/807
794,014AM005014,https://v3.imaginerio.org/api/items/808
795,014AM005015,https://v3.imaginerio.org/api/items/809
796,014AM005016,https://v3.imaginerio.org/api/items/810
797,014AM005018,https://v3.imaginerio.org/api/items/811
798,014AM005020,https://v3.imaginerio.org/api/items/812
799,014AM005021,https://v3.imaginerio.org/api/items/813
800,014AM005024,https://v3.imaginerio.org/api/items/814
801,014AM005025,https://v3.imaginerio.org/api/items/815
802,014AM005026,https://v3.imaginerio.org/api/items/816
803,014AM005027,https://v3.imaginerio.org/api/items/817
804,014AM005028,https://v3.imaginerio.org/api/items/818
805,014AM005031,https://v3.imaginerio.org/api/items/819
806,014AM005032,https://v3.imaginerio.org/api/items/820
807,014AM005033,https://v3.imaginerio.org/api/items/821
808,014AM005034,https://v3.imaginerio.org/api/items/822
809,014AM006001,https://v3.imaginerio.org/api/items/823
810,014AM006002,https://v3.imaginerio.org/api/items/824
811,014AM006003,https://v3.imaginerio.org/api/items/825
812,014AM006004,https://v3.imaginerio.org/api/items/826
813,014AM006005,https://v3.imaginerio.org/api/items/827
814,014AM006006,https://v3.imaginerio.org/api/items/828
815,014AM006007,https://v3.imaginerio.org/api/items/829
816,014AM006008,https://v3.imaginerio.org/api/items/830
817,014AM006009,https://v3.imaginerio.org/api/items/831
818,014AM006010,https://v3.imaginerio.org/api/items/832
819,014AM006011,https://v3.imaginerio.org/api/items/833
820,014AM007001,https://v3.imaginerio.org/api/items/834
821,014AM007005,https://v3.imaginerio.org/api/items/835
822,014AM008001,https://v3.imaginerio.org/api/items/836
823,014AM008002,https://v3.imaginerio.org/api/items/837
824,014AM008003,https://v3.imaginerio.org/api/items/838
825,014AM010001,https://v3.imaginerio.org/api/items/839
826,014AM010002,https://v3.imaginerio.org/api/items/840
827,014AM010003,https://v3.imaginerio.org/api/items/841
828,014AM010004,https://v3.imaginerio.org/api/items/842
829,014AM010005,https://v3.imaginerio.org/api/items/843
830,014AM010008,https://v3.imaginerio.org/api/items/844
831,014AM010009,https://v3.imaginerio.org/api/items/845
832,014AM010011,https://v3.imaginerio.org/api/items/846
833,014AM010012,https://v3.imaginerio.org/api/items/847
834,014AM010013,https://v3.imaginerio.org/api/items/848
835,014AM010014,https://v3.imaginerio.org/api/items/849
836,014AM010015,https://v3.imaginerio.org/api/items/850
837,014AM010016,https://v3.imaginerio.org/api/items/851
838,014AM010017,https://v3.imaginerio.org/api/items/852
839,014AM010019,https://v3.imaginerio.org/api/items/853
840,014AM010020,https://v3.imaginerio.org/api/items/854
841,014AM010021,https://v3.imaginerio.org/api/items/855
842,014AM012001,https://v3.imaginerio.org/api/items/856
843,014AM012005,https://v3.imaginerio.org/api/items/857
844,014AM012006,https://v3.imaginerio.org/api/items/858
845,014AM012007,https://v3.imaginerio.org/api/items/859
846,014AM012008,https://v3.imaginerio.org/api/items/860
847,014AM012010,https://v3.imaginerio.org/api/items/861
848,014AM012011,https://v3.imaginerio.org/api/items/862
849,014AM012012,https://v3.imaginerio.org/api/items/863
850,014AM012013,https://v3.imaginerio.org/api/items/864
851,014AM012014,https://v3.imaginerio.org/api/items/865
852,014AM012016,https://v3.imaginerio.org/api/items/866
853,014AM012017,https://v3.imaginerio.org/api/items/867
854,014AM012018,https://v3.imaginerio.org/api/items/868
855,014AM012019,https://v3.imaginerio.org/api/items/869
856,014AM012022,https://v3.imaginerio.org/api/items/870
857,014AM012023,https://v3.imaginerio.org/api/items/871
858,014AM012024,https://v3.imaginerio.org/api/items/872
859,014AM012025,https://v3.imaginerio.org/api/items/873
860,014AM012027,https://v3.imaginerio.org/api/items/874
861,014AM012029,https://v3.imaginerio.org/api/items/875
862,014AM012030,https://v3.imaginerio.org/api/items/876
863,014AM012031,https://v3.imaginerio.org/api/items/877
864,014AM012032,https://v3.imaginerio.org/api/items/878
865,014AM012033,https://v3.imaginerio.org/api/items/879
866,014AM012034,https://v3.imaginerio.org/api/items/880
867,014AM012035,https://v3.imaginerio.org/api/items/881
868,014AM012036,https://v3.imaginerio.org/api/items/882
869,014AM012037,https://v3.imaginerio.org/api/items/883
870,014AM012038,https://v3.imaginerio.org/api/items/884
871,014AM012040,https://v3.imaginerio.org/api/items/885
872,014AM012041,https://v3.imaginerio.org/api/items/886
873,014AM012042,https://v3.imaginerio.org/api/items/887
874,014AM012043,https://v3.imaginerio.org/api/items/888
875,014AM012044,https://v3.imaginerio.org/api/items/889
876,014AM012045,https://v3.imaginerio.org/api/items/890
877,014AM012047,https://v3.imaginerio.org/api/items/891
878,014AM012048,https://v3.imaginerio.org/api/items/892
879,014AM012051,https://v3.imaginerio.org/api/items/893
880,014AM012052,https://v3.imaginerio.org/api/items/894
881,014AM012054,https://v3.imaginerio.org/api/items/895
882,014AM012055,https://v3.imaginerio.org/api/items/896
883,014AM012056,https://v3.imaginerio.org/api/items/897
884,014AM012058,https://v3.imaginerio.org/api/items/898
885,014AM012059,https://v3.imaginerio.org/api/items/899
886,014AM012060,https://v3.imaginerio.org/api/items/900
887,014AM012061,https://v3.imaginerio.org/api/items/901
888,014AM012062,https://v3.imaginerio.org/api/items/902
889,014AM012063,https://v3.imaginerio.org/api/items/903
890,014AM012064,https://v3.imaginerio.org/api/items/904
891,014AM012066,https://v3.imaginerio.org/api/items/905
892,014AM012068,https://v3.imaginerio.org/api/items/906
893,014AM012069,https://v3.imaginerio.org/api/items/907
894,014AM012071,https://v3.imaginerio.org/api/items/908
895,014AM012072,https://v3.imaginerio.org/api/items/909
896,014AM014001,https://v3.imaginerio.org/api/items/910
897,014AM014002,https://v3.imaginerio.org/api/items/911
898,014AM015009,https://v3.imaginerio.org/api/items/912
899,014AM015010,https://v3.imaginerio.org/api/items/913
900,014AM015012,https://v3.imaginerio.org/api/items/914
901,014AM017001,https://v3.imaginerio.org/api/items/915
902,014AM017002,https://v3.imaginerio.org/api/items/916
903,014AM017003,https://v3.imaginerio.org/api/items/917
904,014AM017004,https://v3.imaginerio.org/api/items/918
905,014AM017005,https://v3.imaginerio.org/api/items/919
906,014AM017006,https://v3.imaginerio.org/api/items/920
907,014AM018001,https://v3.imaginerio.org/api/items/921
908,014AM018002,https://v3.imaginerio.org/api/items/922
909,014AM018003,https://v3.imaginerio.org/api/items/923
910,014AM018004,https://v3.imaginerio.org/api/items/924
911,014AM019001,https://v3.imaginerio.org/api/items/925
912,014AM019002,https://v3.imaginerio.org/api/items/926
913,014AM019004,https://v3.imaginerio.org/api/items/927
914,014AM019005,https://v3.imaginerio.org/api/items/928
915,014AM019006,https://v3.imaginerio.org/api/items/929
916,014AM019007,https://v3.imaginerio.org/api/items/930
917,014AM019008,https://v3.imaginerio.org/api/items/931
918,014AM019009,https://v3.imaginerio.org/api/items/932
919,014AM019010,https://v3.imaginerio.org/api/items/933
920,014AM019011,https://v3.imaginerio.org/api/items/934
921,014AM019013,https://v3.imaginerio.org/api/items/935
922,014AM019015,https://v3.imaginerio.org/api/items/936
923,014GLAS001,https://v3.imaginerio.org/api/items/937
924,014GLAS002,https://v3.imaginerio.org/api/items/938
925,014GLAS003,https://v3.imaginerio.org/api/items/939
926,014GLAS004,https://v3.imaginerio.org/api/items/940
927,014GLAS005,https://v3.imaginerio.org/api/items/941
928,014GLAS006,https://v3.imaginerio.org/api/items/942
929,014GLAS012,https://v3.imaginerio.org/api/items/943
930,014GLAS013,https://v3.imaginerio.org/api/items/944
931,014GLAS020,https://v3.imaginerio.org/api/items/945
932,014GLAS031,https://v3.imaginerio.org/api/items/946
933,014GLAS042,https://v3.imaginerio.org/api/items/947
934,014GLAS072,https://v3.imaginerio.org/api/items/948
935,014GLAS101,https://v3.imaginerio.org/api/items/949
936,014GLAS105,https://v3.imaginerio.org/api/items/950
937,SSID28468080,https://v3.imaginerio.org/api/items/1879
938,SSID28468079,https://v3.imaginerio.org/api/items/1880
939,SSID28468078,https://v3.imaginerio.org/api/items/1881
940,SSID28468077,https://v3.imaginerio.org/api/items/1882
941,SSID28267109,https://v3.imaginerio.org/api/items/1883
942,SSID28218511,https://v3.imaginerio.org/api/items/1884
943,SSID27826182,https://v3.imaginerio.org/api/items/1885
944,SSID27824800,https://v3.imaginerio.org/api/items/1886
945,SSID27081965,https://v3.imaginerio.org/api/items/1887
946,SSID27081964,https://v3.imaginerio.org/api/items/1888
947,SSID27081963,https://v3.imaginerio.org/api/items/1889
948,SSID27081962,https://v3.imaginerio.org/api/items/1890
949,SSID27081961,https://v3.imaginerio.org/api/items/1891
950,SSID27081958,https://v3.imaginerio.org/api/items/1892
951,SSID27081956,https://v3.imaginerio.org/api/items/1893
952,SSID27081935,https://v3.imaginerio.org/api/items/1894
953,SSID26940690,https://v3.imaginerio.org/api/items/1895
954,SSID24879867,https://v3.imaginerio.org/api/items/1896
955,SSID24848181,https://v3.imaginerio.org/api/items/1897
956,SSID24848180,https://v3.imaginerio.org/api/items/1898
957,SSID24792236,https://v3.imaginerio.org/api/items/1899
958,SSID24708468,https://v3.imaginerio.org/api/items/1900
959,SSID24708467,https://v3.imaginerio.org/api/items/1901
960,SSID24708466,https://v3.imaginerio.org/api/items/1902
961,SSID24708465,https://v3.imaginerio.org/api/items/1903
962,SSID24708464,https://v3.imaginerio.org/api/items/1904
963,SSID24708463,https://v3.imaginerio.org/api/items/1905
964,SSID24708462,https://v3.imaginerio.org/api/items/1906
965,SSID24708461,https://v3.imaginerio.org/api/items/1907
966,SSID24708460,https://v3.imaginerio.org/api/items/1908
967,SSID24708459,https://v3.imaginerio.org/api/items/1909
968,SSID24708458,https://v3.imaginerio.org/api/items/1910
969,SSID24708457,https://v3.imaginerio.org/api/items/1911
970,SSID24708456,https://v3.imaginerio.org/api/items/1912
971,SSID24708455,https://v3.imaginerio.org/api/items/1913
972,SSID24708454,https://v3.imaginerio.org/api/items/1914
973,SSID24708453,https://v3.imaginerio.org/api/items/1915
974,SSID24708451,https://v3.imaginerio.org/api/items/1916
975,SSID24708450,https://v3.imaginerio.org/api/items/1917
976,SSID24708449,https://v3.imaginerio.org/api/items/1918
977,SSID24708448,https://v3.imaginerio.org/api/items/1919
978,SSID24708447,https://v3.imaginerio.org/api/items/1920
979,SSID24708446,https://v3.imaginerio.org/api/items/1921
980,SSID24708445,https://v3.imaginerio.org/api/items/1922
981,SSID24708444,https://v3.imaginerio.org/api/items/1923
982,SSID24708443,https://v3.imaginerio.org/api/items/1924
983,SSID24708442,https://v3.imaginerio.org/api/items/1925
984,SSID24708441,https://v3.imaginerio.org/api/items/1926
985,SSID24708440,https://v3.imaginerio.org/api/items/1927
986,SSID24708439,https://v3.imaginerio.org/api/items/1928
987,SSID24708438,https://v3.imaginerio.org/api/items/1929
988,SSID24708437,https://v3.imaginerio.org/api/items/1930
989,SSID24708436,https://v3.imaginerio.org/api/items/1931
990,SSID24708435,https://v3.imaginerio.org/api/items/1932
991,SSID24708434,https://v3.imaginerio.org/api/items/1933
992,SSID24708433,https://v3.imaginerio.org/api/items/1934
993,SSID24708432,https://v3.imaginerio.org/api/items/1935
994,SSID24708430,https://v3.imaginerio.org/api/items/1936
995,SSID24708429,https://v3.imaginerio.org/api/items/1937
996,SSID24708428,https://v3.imaginerio.org/api/items/1938
997,SSID24708427,https://v3.imaginerio.org/api/items/1939
998,SSID24708426,https://v3.imaginerio.org/api/items/1940
999,SSID24708425,https://v3.imaginerio.org/api/items/1941
1000,SSID24708424,https://v3.imaginerio.org/api/items/1942
1001,SSID24708423,https://v3.imaginerio.org/api/items/1943
1002,SSID24708422,https://v3.imaginerio.org/api/items/1944
1003,SSID24708421,https://v3.imaginerio.org/api/items/1945
1004,SSID24708419,https://v3.imaginerio.org/api/items/1946
1005,SSID24708418,https://v3.imaginerio.org/api/items/1947
1006,SSID24708417,https://v3.imaginerio.org/api/items/1948
1007,SSID24701242,https://v3.imaginerio.org/api/items/1949
1008,SSID24676265,https://v3.imaginerio.org/api/items/1950
1009,SSID24676264,https://v3.imaginerio.org/api/items/1951
1010,SSID24676210,https://v3.imaginerio.org/api/items/1952
1011,SSID24048803,https://v3.imaginerio.org/api/items/1953
1012,SSID22965915,https://v3.imaginerio.org/api/items/1954
1013,SSID22965914,https://v3.imaginerio.org/api/items/1955
1014,SSID22965913,https://v3.imaginerio.org/api/items/1956
1015,SSID22965912,https://v3.imaginerio.org/api/items/1957
1016,SSID22965911,https://v3.imaginerio.org/api/items/1958
1017,SSID22965909,https://v3.imaginerio.org/api/items/1959
1018,SSID22965908,https://v3.imaginerio.org/api/items/1960
1019,SSID22965906,https://v3.imaginerio.org/api/items/1961
1020,SSID22965905,https://v3.imaginerio.org/api/items/1962
1021,SSID22965904,https://v3.imaginerio.org/api/items/1963
1022,SSID22965902,https://v3.imaginerio.org/api/items/1964
1023,SSID22965901,https://v3.imaginerio.org/api/items/1965
1024,SSID22965900,https://v3.imaginerio.org/api/items/1966
1025,SSID22965899,https://v3.imaginerio.org/api/items/1967
1026,SSID22965898,https://v3.imaginerio.org/api/items/1968
1027,SSID22377457,https://v3.imaginerio.org/api/items/1969
1028,SSID22376717,https://v3.imaginerio.org/api/items/1970
1029,SSID22376716,https://v3.imaginerio.org/api/items/1971
1030,SSID22117540,https://v3.imaginerio.org/api/items/1972
1031,SSID22117534,https://v3.imaginerio.org/api/items/1973
1032,SSID22117532,https://v3.imaginerio.org/api/items/1974
1033,SSID22117522,https://v3.imaginerio.org/api/items/1975
1034,SSID22117513,https://v3.imaginerio.org/api/items/1976
1035,SSID22117507,https://v3.imaginerio.org/api/items/1977
1036,SSID21826500,https://v3.imaginerio.org/api/items/1978
1037,SSID21222338,https://v3.imaginerio.org/api/items/1979
1038,SSID15089825,https://v3.imaginerio.org/api/items/1980
1039,SSID11058344,https://v3.imaginerio.org/api/items/1981
1040,SSID11058345,https://v3.imaginerio.org/api/items/1982
1041,SSID11039080,https://v3.imaginerio.org/api/items/1983
1042,SSID10643717,https://v3.imaginerio.org/api/items/1984
1043,SSID10639297,https://v3.imaginerio.org/api/items/1985
1044,SSID9626279,https://v3.imaginerio.org/api/items/1986
1045,SSID9564434,https://v3.imaginerio.org/api/items/1987
1046,SSID9397617,https://v3.imaginerio.org/api/items/1988
1047,SSID9373923,https://v3.imaginerio.org/api/items/1989
1048,SSID9357630,https://v3.imaginerio.org/api/items/1990
1049,SSID9357223,https://v3.imaginerio.org/api/items/1991
1050,SSID3884279,https://v3.imaginerio.org/api/items/1992
1051,SSID3847414,https://v3.imaginerio.org/api/items/1993
1052,SSID3328256,https://v3.imaginerio.org/api/items/1994
1053,SSID3328257,https://v3.imaginerio.org/api/items/1995
1054,SSID3328258,https://v3.imaginerio.org/api/items/1996
1055,SSID3303454,https://v3.imaginerio.org/api/items/1997
1056,SSID3011211,https://v3.imaginerio.org/api/items/1998
1057,SSID2901637,https://v3.imaginerio.org/api/items/1999
1058,SSID2840589,https://v3.imaginerio.org/api/items/2000
1059,SSID2840587,https://v3.imaginerio.org/api/items/2001
1060,SSID2840588,https://v3.imaginerio.org/api/items/2002
1061,SSID2651814,https://v3.imaginerio.org/api/items/2003
1062,SSID2651820,https://v3.imaginerio.org/api/items/2004
1063,SSID2651834,https://v3.imaginerio.org/api/items/2005
1064,SSID2651852,https://v3.imaginerio.org/api/items/2006
1065,SSID2651854,https://v3.imaginerio.org/api/items/2007
1066,SSID2651778,https://v3.imaginerio.org/api/items/2008
1067,SSID2649651,https://v3.imaginerio.org/api/items/2009
1068,SSID2649650,https://v3.imaginerio.org/api/items/2010
1069,SSID2597276,https://v3.imaginerio.org/api/items/2011
1070,SSID2597270,https://v3.imaginerio.org/api/items/2012
1071,SSID2597267,https://v3.imaginerio.org/api/items/2013
1072,SSID2597266,https://v3.imaginerio.org/api/items/2014
1073,SSID2597261,https://v3.imaginerio.org/api/items/2015
1074,SSID2597259,https://v3.imaginerio.org/api/items/2016
1075,SSID2597258,https://v3.imaginerio.org/api/items/2017
1076,SSID2597256,https://v3.imaginerio.org/api/items/2018
1077,SSID2597254,https://v3.imaginerio.org/api/items/2019
1078,SSID2597253,https://v3.imaginerio.org/api/items/2020
1079,SSID2597252,https://v3.imaginerio.org/api/items/2021
1080,SSID2597251,https://v3.imaginerio.org/api/items/2022
1081,SSID2597249,https://v3.imaginerio.org/api/items/2023
1082,SSID2597248,https://v3.imaginerio.org/api/items/2024
1083,SSID2597247,https://v3.imaginerio.org/api/items/2025
1084,SSID2597246,https://v3.imaginerio.org/api/items/2026
1085,SSID2597243,https://v3.imaginerio.org/api/items/2027
1086,SSID2597242,https://v3.imaginerio.org/api/items/2028
1087,SSID2597240,https://v3.imaginerio.org/api/items/2029
1088,SSID2597237,https://v3.imaginerio.org/api/items/2030
1089,SSID2597236,https://v3.imaginerio.org/api/items/2031
1090,SSID2597235,https://v3.imaginerio.org/api/items/2032
1091,SSID2597234,https://v3.imaginerio.org/api/items/2033
1092,SSID2597232,https://v3.imaginerio.org/api/items/2034
1093,SSID2597231,https://v3.imaginerio.org/api/items/2035
1094,SSID2597230,https://v3.imaginerio.org/api/items/2036
1095,SSID2597229,https://v3.imaginerio.org/api/items/2037
1096,SSID2597228,https://v3.imaginerio.org/api/items/2038
1097,SSID2597227,https://v3.imaginerio.org/api/items/2039
1098,SSID2597226,https://v3.imaginerio.org/api/items/2040
1099,SSID2597224,https://v3.imaginerio.org/api/items/2041
1100,SSID2597223,https://v3.imaginerio.org/api/items/2042
1101,SSID2597218,https://v3.imaginerio.org/api/items/2043
1102,SSID2597217,https://v3.imaginerio.org/api/items/2044
1103,SSID2597216,https://v3.imaginerio.org/api/items/2045
1104,SSID2597213,https://v3.imaginerio.org/api/items/2046
1105,SSID2597212,https://v3.imaginerio.org/api/items/2047
1106,SSID2597211,https://v3.imaginerio.org/api/items/2048
1107,SSID2597209,https://v3.imaginerio.org/api/items/2049
1108,SSID2597208,https://v3.imaginerio.org/api/items/2050
1109,SSID2597207,https://v3.imaginerio.org/api/items/2051
1110,SSID2597206,https://v3.imaginerio.org/api/items/2052
1111,SSID2597205,https://v3.imaginerio.org/api/items/2053
1112,SSID2597204,https://v3.imaginerio.org/api/items/2054
1113,SSID2597201,https://v3.imaginerio.org/api/items/2055
1114,SSID2597202,https://v3.imaginerio.org/api/items/2056
1115,SSID2597203,https://v3.imaginerio.org/api/items/2057
1116,SSID2597199,https://v3.imaginerio.org/api/items/2058
1117,SSID2597197,https://v3.imaginerio.org/api/items/2059
1118,SSID2597193,https://v3.imaginerio.org/api/items/2060
1119,SSID2597192,https://v3.imaginerio.org/api/items/2061
1120,SSID2597190,https://v3.imaginerio.org/api/items/2062
1121,SSID2597189,https://v3.imaginerio.org/api/items/2063
1122,SSID2597188,https://v3.imaginerio.org/api/items/2064
1123,SSID2597187,https://v3.imaginerio.org/api/items/2065
1124,SSID2597186,https://v3.imaginerio.org/api/items/2066
1125,SSID2597185,https://v3.imaginerio.org/api/items/2067
1126,SSID2597184,https://v3.imaginerio.org/api/items/2068
1127,SSID2597183,https://v3.imaginerio.org/api/items/2069
1128,SSID2597182,https://v3.imaginerio.org/api/items/2070
1129,SSID2597181,https://v3.imaginerio.org/api/items/2071
1130,SSID2597180,https://v3.imaginerio.org/api/items/2072
1131,SSID2597179,https://v3.imaginerio.org/api/items/2073
1132,SSID2597178,https://v3.imaginerio.org/api/items/2074
1133,SSID2597172,https://v3.imaginerio.org/api/items/2075
1134,SSID2597171,https://v3.imaginerio.org/api/items/2076
1135,SSID2597123,https://v3.imaginerio.org/api/items/2077
1136,SSID2597117,https://v3.imaginerio.org/api/items/2078
1137,SSID2597115,https://v3.imaginerio.org/api/items/2079
1138,SSID2597112,https://v3.imaginerio.org/api/items/2080
1139,SSID2597113,https://v3.imaginerio.org/api/items/2081
1140,SSID2597111,https://v3.imaginerio.org/api/items/2082
1141,SSID2597109,https://v3.imaginerio.org/api/items/2083
1142,SSID2597106,https://v3.imaginerio.org/api/items/2084
1143,SSID2597105,https://v3.imaginerio.org/api/items/2085
1144,SSID2597104,https://v3.imaginerio.org/api/items/2086
1145,SSID2597103,https://v3.imaginerio.org/api/items/2087
1146,SSID2597100,https://v3.imaginerio.org/api/items/2088
1147,SSID2597099,https://v3.imaginerio.org/api/items/2089
1148,SSID2597097,https://v3.imaginerio.org/api/items/2090
1149,SSID2597098,https://v3.imaginerio.org/api/items/2091
1150,SSID2597096,https://v3.imaginerio.org/api/items/2092
1151,SSID2597095,https://v3.imaginerio.org/api/items/2093
1152,SSID2597094,https://v3.imaginerio.org/api/items/2094
1153,SSID2597093,https://v3.imaginerio.org/api/items/2095
1154,SSID2597092,https://v3.imaginerio.org/api/items/2096
1155,SSID2597091,https://v3.imaginerio.org/api/items/2097
1156,SSID2597090,https://v3.imaginerio.org/api/items/2098
1157,SSID2597089,https://v3.imaginerio.org/api/items/2099
1158,SSID2597088,https://v3.imaginerio.org/api/items/2100
1159,SSID2597087,https://v3.imaginerio.org/api/items/2101
1160,SSID2597086,https://v3.imaginerio.org/api/items/2102
1161,SSID2597085,https://v3.imaginerio.org/api/items/2103
1162,SSID2597084,https://v3.imaginerio.org/api/items/2104
1163,SSID2597083,https://v3.imaginerio.org/api/items/2105
1164,SSID2597082,https://v3.imaginerio.org/api/items/2106
1165,SSID2597081,https://v3.imaginerio.org/api/items/2107
1166,SSID2597080,https://v3.imaginerio.org/api/items/2108
1167,SSID2597079,https://v3.imaginerio.org/api/items/2109
1168,SSID2597078,https://v3.imaginerio.org/api/items/2110
1169,SSID2597077,https://v3.imaginerio.org/api/items/2111
1170,SSID2597076,https://v3.imaginerio.org/api/items/2112
1171,SSID2597075,https://v3.imaginerio.org/api/items/2113
1172,SSID2597074,https://v3.imaginerio.org/api/items/2114
1173,SSID2597073,https://v3.imaginerio.org/api/items/2115
1174,SSID2597072,https://v3.imaginerio.org/api/items/2116
1175,SSID2597071,https://v3.imaginerio.org/api/items/2117
1176,SSID2597070,https://v3.imaginerio.org/api/items/2118
1177,SSID2597069,https://v3.imaginerio.org/api/items/2119
1178,SSID2597068,https://v3.imaginerio.org/api/items/2120
1179,SSID2597067,https://v3.imaginerio.org/api/items/2121
1180,SSID2597066,https://v3.imaginerio.org/api/items/2122
1181,SSID2597065,https://v3.imaginerio.org/api/items/2123
1182,SSID2597064,https://v3.imaginerio.org/api/items/2124
1183,SSID2597063,https://v3.imaginerio.org/api/items/2125
1184,SSID2597062,https://v3.imaginerio.org/api/items/2126
1185,SSID2597061,https://v3.imaginerio.org/api/items/2127
1186,SSID2597060,https://v3.imaginerio.org/api/items/2128
1187,SSID2597059,https://v3.imaginerio.org/api/items/2129
1188,SSID2597058,https://v3.imaginerio.org/api/items/2130
1189,SSID2597057,https://v3.imaginerio.org/api/items/2131
1190,SSID2597056,https://v3.imaginerio.org/api/items/2132
1191,SSID2597055,https://v3.imaginerio.org/api/items/2133
1192,SSID2597054,https://v3.imaginerio.org/api/items/2134
1193,SSID2597052,https://v3.imaginerio.org/api/items/2135
1194,SSID2597051,https://v3.imaginerio.org/api/items/2136
1195,SSID2597050,https://v3.imaginerio.org/api/items/2137
1196,SSID2597048,https://v3.imaginerio.org/api/items/2138
1197,SSID2597047,https://v3.imaginerio.org/api/items/2139
1198,SSID2597046,https://v3.imaginerio.org/api/items/2140
1199,SSID2597045,https://v3.imaginerio.org/api/items/2141
1200,SSID2597044,https://v3.imaginerio.org/api/items/2142
1201,SSID2597043,https://v3.imaginerio.org/api/items/2143
1202,SSID2597042,https://v3.imaginerio.org/api/items/2144
1203,SSID2597041,https://v3.imaginerio.org/api/items/2145
1204,SSID2597040,https://v3.imaginerio.org/api/items/2146
1205,SSID2597039,https://v3.imaginerio.org/api/items/2147
1206,SSID2597038,https://v3.imaginerio.org/api/items/2148
1207,SSID2597037,https://v3.imaginerio.org/api/items/2149
1208,SSID2597035,https://v3.imaginerio.org/api/items/2150
1209,SSID2597034,https://v3.imaginerio.org/api/items/2151
1210,SSID2597033,https://v3.imaginerio.org/api/items/2152
1211,SSID2597032,https://v3.imaginerio.org/api/items/2153
1212,SSID2597031,https://v3.imaginerio.org/api/items/2154
1213,SSID2597030,https://v3.imaginerio.org/api/items/2155
1214,SSID2597029,https://v3.imaginerio.org/api/items/2156
1215,SSID2597028,https://v3.imaginerio.org/api/items/2157
1216,SSID2597027,https://v3.imaginerio.org/api/items/2158
1217,SSID2597026,https://v3.imaginerio.org/api/items/2159
1218,SSID2597025,https://v3.imaginerio.org/api/items/2160
1219,SSID2597024,https://v3.imaginerio.org/api/items/2161
1220,SSID2597023,https://v3.imaginerio.org/api/items/2162
1221,SSID2597022,https://v3.imaginerio.org/api/items/2163
1222,SSID2597020,https://v3.imaginerio.org/api/items/2164
1223,SSID2597021,https://v3.imaginerio.org/api/items/2165
1224,SSID2597015,https://v3.imaginerio.org/api/items/2166
1225,SSID2597016,https://v3.imaginerio.org/api/items/2167
1226,SSID2597014,https://v3.imaginerio.org/api/items/2168
1227,SSID2597011,https://v3.imaginerio.org/api/items/2169
1228,SSID2597012,https://v3.imaginerio.org/api/items/2170
1229,SSID2597009,https://v3.imaginerio.org/api/items/2171
1230,SSID2597010,https://v3.imaginerio.org/api/items/2172
1231,SSID2597008,https://v3.imaginerio.org/api/items/2173
1232,SSID2597006,https://v3.imaginerio.org/api/items/2174
1233,SSID2597007,https://v3.imaginerio.org/api/items/2175
1234,SSID2597004,https://v3.imaginerio.org/api/items/2176
1235,SSID2597005,https://v3.imaginerio.org/api/items/2177
1236,SSID2597001,https://v3.imaginerio.org/api/items/2178
1237,SSID2596999,https://v3.imaginerio.org/api/items/2179
1238,SSID2597000,https://v3.imaginerio.org/api/items/2180
1239,SSID2596997,https://v3.imaginerio.org/api/items/2181
1240,SSID2596998,https://v3.imaginerio.org/api/items/2182
1241,SSID2596996,https://v3.imaginerio.org/api/items/2183
1242,SSID2596991,https://v3.imaginerio.org/api/items/2184
1243,SSID2596993,https://v3.imaginerio.org/api/items/2185
1244,SSID2596990,https://v3.imaginerio.org/api/items/2186
1245,SSID2596989,https://v3.imaginerio.org/api/items/2187
1246,SSID2596988,https://v3.imaginerio.org/api/items/2188
1247,SSID2596987,https://v3.imaginerio.org/api/items/2189
1248,SSID2596983,https://v3.imaginerio.org/api/items/2190
1249,SSID2596984,https://v3.imaginerio.org/api/items/2191
1250,SSID2596982,https://v3.imaginerio.org/api/items/2192
1251,SSID2596977,https://v3.imaginerio.org/api/items/2193
1252,SSID2596978,https://v3.imaginerio.org/api/items/2194
1253,SSID2596974,https://v3.imaginerio.org/api/items/2195
1254,SSID2596972,https://v3.imaginerio.org/api/items/2196
1255,SSID2596968,https://v3.imaginerio.org/api/items/2197
1256,SSID2596967,https://v3.imaginerio.org/api/items/2198
1257,SSID2596964,https://v3.imaginerio.org/api/items/2199
1258,SSID2596965,https://v3.imaginerio.org/api/items/2200
1259,SSID2596966,https://v3.imaginerio.org/api/items/2201
1260,SSID2596962,https://v3.imaginerio.org/api/items/2202
1261,SSID2596963,https://v3.imaginerio.org/api/items/2203
1262,SSID2596961,https://v3.imaginerio.org/api/items/2204
1263,SSID2596960,https://v3.imaginerio.org/api/items/2205
1264,SSID2596955,https://v3.imaginerio.org/api/items/2206
1265,SSID2596953,https://v3.imaginerio.org/api/items/2207
1266,SSID2596952,https://v3.imaginerio.org/api/items/2208
1267,SSID2596948,https://v3.imaginerio.org/api/items/2209
1268,SSID2596950,https://v3.imaginerio.org/api/items/2210
1269,SSID2596947,https://v3.imaginerio.org/api/items/2211
1270,SSID2596945,https://v3.imaginerio.org/api/items/2212
1271,SSID2596946,https://v3.imaginerio.org/api/items/2213
1272,SSID2596944,https://v3.imaginerio.org/api/items/2214
1273,SSID2596941,https://v3.imaginerio.org/api/items/2215
1274,SSID2596939,https://v3.imaginerio.org/api/items/2216
1275,SSID2596935,https://v3.imaginerio.org/api/items/2217
1276,SSID2596936,https://v3.imaginerio.org/api/items/2218
1277,SSID2596931,https://v3.imaginerio.org/api/items/2219
1278,SSID2596932,https://v3.imaginerio.org/api/items/2220
1279,SSID2596930,https://v3.imaginerio.org/api/items/2221
1280,SSID2596929,https://v3.imaginerio.org/api/items/2222
1281,SSID2596927,https://v3.imaginerio.org/api/items/2223
1282,SSID2596928,https://v3.imaginerio.org/api/items/2224
1283,SSID2596924,https://v3.imaginerio.org/api/items/2225
1284,SSID2596925,https://v3.imaginerio.org/api/items/2226
1285,SSID2596922,https://v3.imaginerio.org/api/items/2227
1286,SSID2596919,https://v3.imaginerio.org/api/items/2228
1287,SSID2596920,https://v3.imaginerio.org/api/items/2229
1288,SSID2596917,https://v3.imaginerio.org/api/items/2230
1289,SSID2596916,https://v3.imaginerio.org/api/items/2231
1290,SSID2596914,https://v3.imaginerio.org/api/items/2232
1291,SSID2596912,https://v3.imaginerio.org/api/items/2233
1292,SSID2596909,https://v3.imaginerio.org/api/items/2234
1293,SSID2596910,https://v3.imaginerio.org/api/items/2235
1294,SSID2596906,https://v3.imaginerio.org/api/items/2236
1295,SSID2596908,https://v3.imaginerio.org/api/items/2237
1296,SSID2596905,https://v3.imaginerio.org/api/items/2238
1297,SSID2596902,https://v3.imaginerio.org/api/items/2239
1298,SSID2596895,https://v3.imaginerio.org/api/items/2240
1299,SSID2596894,https://v3.imaginerio.org/api/items/2241
1300,SSID2596892,https://v3.imaginerio.org/api/items/2242
1301,SSID2596890,https://v3.imaginerio.org/api/items/2243
1302,SSID2596888,https://v3.imaginerio.org/api/items/2244
1303,SSID2596886,https://v3.imaginerio.org/api/items/2245
1304,SSID2596883,https://v3.imaginerio.org/api/items/2246
1305,SSID2596879,https://v3.imaginerio.org/api/items/2247
1306,SSID2596878,https://v3.imaginerio.org/api/items/2248
1307,SSID2596876,https://v3.imaginerio.org/api/items/2249
1308,SSID2596872,https://v3.imaginerio.org/api/items/2250
1309,SSID2596873,https://v3.imaginerio.org/api/items/2251
1310,SSID2596870,https://v3.imaginerio.org/api/items/2252
1311,SSID2596861,https://v3.imaginerio.org/api/items/2253
1312,SSID2596863,https://v3.imaginerio.org/api/items/2254
1313,SSID2596858,https://v3.imaginerio.org/api/items/2255
1314,SSID2596859,https://v3.imaginerio.org/api/items/2256
1315,SSID2596855,https://v3.imaginerio.org/api/items/2257
1316,SSID2596856,https://v3.imaginerio.org/api/items/2258
1317,SSID2596857,https://v3.imaginerio.org/api/items/2259
1318,SSID2596854,https://v3.imaginerio.org/api/items/2260
1319,SSID2596849,https://v3.imaginerio.org/api/items/2261
1320,SSID2596850,https://v3.imaginerio.org/api/items/2262
1321,SSID2596851,https://v3.imaginerio.org/api/items/2263
1322,SSID2596847,https://v3.imaginerio.org/api/items/2264
1323,SSID2596845,https://v3.imaginerio.org/api/items/2265
1324,SSID2596846,https://v3.imaginerio.org/api/items/2266
1325,SSID2596843,https://v3.imaginerio.org/api/items/2267
1326,SSID2596844,https://v3.imaginerio.org/api/items/2268
1327,SSID2596841,https://v3.imaginerio.org/api/items/2269
1328,SSID2596840,https://v3.imaginerio.org/api/items/2270
1329,SSID2596837,https://v3.imaginerio.org/api/items/2271
1330,SSID2596838,https://v3.imaginerio.org/api/items/2272
1331,SSID2596834,https://v3.imaginerio.org/api/items/2273
1332,SSID2596833,https://v3.imaginerio.org/api/items/2274
1333,SSID2596825,https://v3.imaginerio.org/api/items/2275
1334,SSID2596826,https://v3.imaginerio.org/api/items/2276
1335,SSID2596823,https://v3.imaginerio.org/api/items/2277
1336,SSID2596824,https://v3.imaginerio.org/api/items/2278
1337,SSID2595473,https://v3.imaginerio.org/api/items/2279
1338,SSID2589211,https://v3.imaginerio.org/api/items/2280
1339,SSID2589213,https://v3.imaginerio.org/api/items/2281
1340,SSID2589214,https://v3.imaginerio.org/api/items/2282
1341,SSID2589215,https://v3.imaginerio.org/api/items/2283
1342,SSID2589216,https://v3.imaginerio.org/api/items/2284
1343,SSID2589217,https://v3.imaginerio.org/api/items/2285
1344,SSID2589218,https://v3.imaginerio.org/api/items/2286
1345,SSID2589219,https://v3.imaginerio.org/api/items/2287
1346,SSID2589170,https://v3.imaginerio.org/api/items/2288
1347,SSID2589180,https://v3.imaginerio.org/api/items/2289
1348,SSID2589182,https://v3.imaginerio.org/api/items/2290
1349,SSID2589185,https://v3.imaginerio.org/api/items/2291
1350,SSID2589186,https://v3.imaginerio.org/api/items/2292
1351,SSID2589188,https://v3.imaginerio.org/api/items/2293
1352,SSID2589196,https://v3.imaginerio.org/api/items/2294
1353,SSID2589200,https://v3.imaginerio.org/api/items/2295
1354,SSID2589120,https://v3.imaginerio.org/api/items/2296
1355,SSID2589143,https://v3.imaginerio.org/api/items/2297
1356,SSID2589145,https://v3.imaginerio.org/api/items/2298
1357,SSID2589146,https://v3.imaginerio.org/api/items/2299
1358,SSID2589147,https://v3.imaginerio.org/api/items/2300
1359,SSID2589148,https://v3.imaginerio.org/api/items/2301
1360,SSID2589151,https://v3.imaginerio.org/api/items/2302
1361,SSID2589152,https://v3.imaginerio.org/api/items/2303
1362,SSID2589154,https://v3.imaginerio.org/api/items/2304
1363,SSID2589155,https://v3.imaginerio.org/api/items/2305
1364,SSID2589161,https://v3.imaginerio.org/api/items/2306
1365,SSID2589089,https://v3.imaginerio.org/api/items/2307
1366,SSID2589090,https://v3.imaginerio.org/api/items/2308
1367,SSID2589091,https://v3.imaginerio.org/api/items/2309
1368,SSID2589093,https://v3.imaginerio.org/api/items/2310
1369,SSID2589097,https://v3.imaginerio.org/api/items/2311
1370,SSID2589098,https://v3.imaginerio.org/api/items/2312
1371,SSID2589099,https://v3.imaginerio.org/api/items/2313
1372,SSID2589101,https://v3.imaginerio.org/api/items/2314
1373,SSID2589103,https://v3.imaginerio.org/api/items/2315
1374,SSID2589105,https://v3.imaginerio.org/api/items/2316
1375,SSID2589106,https://v3.imaginerio.org/api/items/2317
1376,SSID2589107,https://v3.imaginerio.org/api/items/2318
1377,SSID2589022,https://v3.imaginerio.org/api/items/2319
1378,SSID2588978,https://v3.imaginerio.org/api/items/2320
1379,SSID2588980,https://v3.imaginerio.org/api/items/2321
1380,SSID2588981,https://v3.imaginerio.org/api/items/2322
1381,SSID2588982,https://v3.imaginerio.org/api/items/2323
1382,SSID2588983,https://v3.imaginerio.org/api/items/2324
1383,SSID2588984,https://v3.imaginerio.org/api/items/2325
1384,SSID2588986,https://v3.imaginerio.org/api/items/2326
1385,SSID2588987,https://v3.imaginerio.org/api/items/2327
1386,SSID2588988,https://v3.imaginerio.org/api/items/2328
1387,SSID2588990,https://v3.imaginerio.org/api/items/2329
1388,SSID2588991,https://v3.imaginerio.org/api/items/2330
1389,SSID2588993,https://v3.imaginerio.org/api/items/2331
1390,SSID2589001,https://v3.imaginerio.org/api/items/2332
1391,SSID2589002,https://v3.imaginerio.org/api/items/2333
1392,SSID2589004,https://v3.imaginerio.org/api/items/2334
1393,SSID2589009,https://v3.imaginerio.org/api/items/2335
1394,SSID2589013,https://v3.imaginerio.org/api/items/2336
1395,SSID2589020,https://v3.imaginerio.org/api/items/2337
1396,SSID2588977,https://v3.imaginerio.org/api/items/2338
1397,SSID2546205,https://v3.imaginerio.org/api/items/2339
1398,SSID2522161,https://v3.imaginerio.org/api/items/2340
1399,SSID2522162,https://v3.imaginerio.org/api/items/2341
1400,SSID2522167,https://v3.imaginerio.org/api/items/2342
1401,SSID2522168,https://v3.imaginerio.org/api/items/2343
1402,SSID2522169,https://v3.imaginerio.org/api/items/2344
1403,SSID2522170,https://v3.imaginerio.org/api/items/2345
1404,SSID2522171,https://v3.imaginerio.org/api/items/2346
1405,SSID2522172,https://v3.imaginerio.org/api/items/2347
1406,SSID2522173,https://v3.imaginerio.org/api/items/2348
1407,SSID2522178,https://v3.imaginerio.org/api/items/2349
1408,SSID2522179,https://v3.imaginerio.org/api/items/2350
1409,SSID2522093,https://v3.imaginerio.org/api/items/2351
1410,SSID2522098,https://v3.imaginerio.org/api/items/2352
1411,SSID2522106,https://v3.imaginerio.org/api/items/2353
1412,SSID2522107,https://v3.imaginerio.org/api/items/2354
1413,SSID2522108,https://v3.imaginerio.org/api/items/2355
1414,SSID2522109,https://v3.imaginerio.org/api/items/2356
1415,SSID2522110,https://v3.imaginerio.org/api/items/2357
1416,SSID2522114,https://v3.imaginerio.org/api/items/2358
1417,SSID2522116,https://v3.imaginerio.org/api/items/2359
1418,SSID2522131,https://v3.imaginerio.org/api/items/2360
1419,SSID2522144,https://v3.imaginerio.org/api/items/2361
1420,SSID2522145,https://v3.imaginerio.org/api/items/2362
1421,SSID2522153,https://v3.imaginerio.org/api/items/2363
1422,SSID2522154,https://v3.imaginerio.org/api/items/2364
1423,SSID2522155,https://v3.imaginerio.org/api/items/2365
1424,SSID2522038,https://v3.imaginerio.org/api/items/2366
1425,SSID2522044,https://v3.imaginerio.org/api/items/2367
1426,SSID2522045,https://v3.imaginerio.org/api/items/2368
1427,SSID2522048,https://v3.imaginerio.org/api/items/2369
1428,SSID2522049,https://v3.imaginerio.org/api/items/2370
1429,SSID2522055,https://v3.imaginerio.org/api/items/2371
1430,SSID2522057,https://v3.imaginerio.org/api/items/2372
1431,SSID2522063,https://v3.imaginerio.org/api/items/2373
1432,SSID2522064,https://v3.imaginerio.org/api/items/2374
1433,SSID2522066,https://v3.imaginerio.org/api/items/2375
1434,SSID2522070,https://v3.imaginerio.org/api/items/2376
1435,SSID2522080,https://v3.imaginerio.org/api/items/2377
1436,SSID2522084,https://v3.imaginerio.org/api/items/2378
1437,SSID2522086,https://v3.imaginerio.org/api/items/2379
1438,SSID2522090,https://v3.imaginerio.org/api/items/2380
1439,SSID2492904,https://v3.imaginerio.org/api/items/2381
1440,SSID2490279,https://v3.imaginerio.org/api/items/2382
1441,SSID2488751,https://v3.imaginerio.org/api/items/2383
1442,SSID2487771,https://v3.imaginerio.org/api/items/2384
1443,SSID2433197,https://v3.imaginerio.org/api/items/2385
1444,SSID2433076,https://v3.imaginerio.org/api/items/2386
1445,SSID2433010,https://v3.imaginerio.org/api/items/2387
1446,SSID2432979,https://v3.imaginerio.org/api/items/2388
1447,SSID2432976,https://v3.imaginerio.org/api/items/2389
1448,SSID2294838,https://v3.imaginerio.org/api/items/2390
1449,SSID2294837,https://v3.imaginerio.org/api/items/2391
1450,SSID2294835,https://v3.imaginerio.org/api/items/2392
1451,SSID2294832,https://v3.imaginerio.org/api/items/2393
1452,SSID2294831,https://v3.imaginerio.org/api/items/2394
1453,SSID2294824,https://v3.imaginerio.org/api/items/2395
1454,SSID2294822,https://v3.imaginerio.org/api/items/2396
1455,SSID2294820,https://v3.imaginerio.org/api/items/2397
1456,SSID2294819,https://v3.imaginerio.org/api/items/2398
1457,SSID2294818,https://v3.imaginerio.org/api/items/2399
1458,SSID2294817,https://v3.imaginerio.org/api/items/2400
1459,SSID2294816,https://v3.imaginerio.org/api/items/2401
1460,SSID2294812,https://v3.imaginerio.org/api/items/2402
1461,SSID2294810,https://v3.imaginerio.org/api/items/2403
1462,SSID2294808,https://v3.imaginerio.org/api/items/2404
1463,SSID2294807,https://v3.imaginerio.org/api/items/2405
1464,SSID2294806,https://v3.imaginerio.org/api/items/2406
1465,SSID2294803,https://v3.imaginerio.org/api/items/2407
1466,SSID2294800,https://v3.imaginerio.org/api/items/2408
1467,SSID2294799,https://v3.imaginerio.org/api/items/2409
1468,SSID2294797,https://v3.imaginerio.org/api/items/2410
1469,SSID2288639,https://v3.imaginerio.org/api/items/2411
1470,SSID2287735,https://v3.imaginerio.org/api/items/2412
1471,SSID2287636,https://v3.imaginerio.org/api/items/2413
1472,SSID2287459,https://v3.imaginerio.org/api/items/2414
1473,SSID2287315,https://v3.imaginerio.org/api/items/2415
1474,SSID2287148,https://v3.imaginerio.org/api/items/2416
1475,SSID2287002,https://v3.imaginerio.org/api/items/2417
1476,SSID2286913,https://v3.imaginerio.org/api/items/2418
1477,SSID2286873,https://v3.imaginerio.org/api/items/2419
1478,SSID2286831,https://v3.imaginerio.org/api/items/2420
1479,SSID2286782,https://v3.imaginerio.org/api/items/2421
1480,SSID2286535,https://v3.imaginerio.org/api/items/2422
1481,SSID2286470,https://v3.imaginerio.org/api/items/2423
1482,SSID2286448,https://v3.imaginerio.org/api/items/2424
1483,SSID2286372,https://v3.imaginerio.org/api/items/2425
1484,SSID2286351,https://v3.imaginerio.org/api/items/2426
1485,SSID2286216,https://v3.imaginerio.org/api/items/2427
1486,SSID2286187,https://v3.imaginerio.org/api/items/2428
1487,SSID2285593,https://v3.imaginerio.org/api/items/2429
1488,SSID2285557,https://v3.imaginerio.org/api/items/2430
1489,SSID2284529,https://v3.imaginerio.org/api/items/2431
1490,SSID2247849,https://v3.imaginerio.org/api/items/2432
1491,SSID2247846,https://v3.imaginerio.org/api/items/2433
1492,SSID2247845,https://v3.imaginerio.org/api/items/2434
1493,SSID2247844,https://v3.imaginerio.org/api/items/2435
1494,SSID2247843,https://v3.imaginerio.org/api/items/2436
1495,SSID2247842,https://v3.imaginerio.org/api/items/2437
1496,SSID2247841,https://v3.imaginerio.org/api/items/2438
1497,SSID2247840,https://v3.imaginerio.org/api/items/2439
1498,SSID2247834,https://v3.imaginerio.org/api/items/2440
1499,SSID2247833,https://v3.imaginerio.org/api/items/2441
1500,SSID2247832,https://v3.imaginerio.org/api/items/2442
1501,SSID2247830,https://v3.imaginerio.org/api/items/2443
1502,SSID2247829,https://v3.imaginerio.org/api/items/2444
1503,SSID2247828,https://v3.imaginerio.org/api/items/2445
1504,SSID2247827,https://v3.imaginerio.org/api/items/2446
1505,SSID2247826,https://v3.imaginerio.org/api/items/2447
1506,SSID2247825,https://v3.imaginerio.org/api/items/2448
1507,SSID2247823,https://v3.imaginerio.org/api/items/2449
1508,SSID2247819,https://v3.imaginerio.org/api/items/2450
1509,SSID2247818,https://v3.imaginerio.org/api/items/2451
1510,SSID2247817,https://v3.imaginerio.org/api/items/2452
1511,SSID2247816,https://v3.imaginerio.org/api/items/2453
1512,SSID2247815,https://v3.imaginerio.org/api/items/2454
1513,SSID2247814,https://v3.imaginerio.org/api/items/2455
1514,SSID2247811,https://v3.imaginerio.org/api/items/2456
1515,SSID2247810,https://v3.imaginerio.org/api/items/2457
1516,SSID2247804,https://v3.imaginerio.org/api/items/2458
1517,SSID2247796,https://v3.imaginerio.org/api/items/2459
1518,SSID2175379,https://v3.imaginerio.org/api/items/2460
1519,SSID2175380,https://v3.imaginerio.org/api/items/2461
1520,SSID2175381,https://v3.imaginerio.org/api/items/2462
1521,SSID2175382,https://v3.imaginerio.org/api/items/2463
1522,SSID2175383,https://v3.imaginerio.org/api/items/2464
1523,SSID2175385,https://v3.imaginerio.org/api/items/2465
1524,SSID2175388,https://v3.imaginerio.org/api/items/2466
1525,SSID2175389,https://v3.imaginerio.org/api/items/2467
1526,SSID2175391,https://v3.imaginerio.org/api/items/2468
1527,SSID2175332,https://v3.imaginerio.org/api/items/2469
1528,SSID2175338,https://v3.imaginerio.org/api/items/2470
1529,SSID2175339,https://v3.imaginerio.org/api/items/2471
1530,SSID2175341,https://v3.imaginerio.org/api/items/2472
1531,SSID2175344,https://v3.imaginerio.org/api/items/2473
1532,SSID2175346,https://v3.imaginerio.org/api/items/2474
1533,SSID2175347,https://v3.imaginerio.org/api/items/2475
1534,SSID2175348,https://v3.imaginerio.org/api/items/2476
1535,SSID2175349,https://v3.imaginerio.org/api/items/2477
1536,SSID2175350,https://v3.imaginerio.org/api/items/2478
1537,SSID2175351,https://v3.imaginerio.org/api/items/2479
1538,SSID2175352,https://v3.imaginerio.org/api/items/2480
1539,SSID2175353,https://v3.imaginerio.org/api/items/2481
1540,SSID2175354,https://v3.imaginerio.org/api/items/2482
1541,SSID2175355,https://v3.imaginerio.org/api/items/2483
1542,SSID2175356,https://v3.imaginerio.org/api/items/2484
1543,SSID2175357,https://v3.imaginerio.org/api/items/2485
1544,SSID2175358,https://v3.imaginerio.org/api/items/2486
1545,SSID2175359,https://v3.imaginerio.org/api/items/2487
1546,SSID2175360,https://v3.imaginerio.org/api/items/2488
1547,SSID2175363,https://v3.imaginerio.org/api/items/2489
1548,SSID2175365,https://v3.imaginerio.org/api/items/2490
1549,SSID2175366,https://v3.imaginerio.org/api/items/2491
1550,SSID2175367,https://v3.imaginerio.org/api/items/2492
1551,SSID2175369,https://v3.imaginerio.org/api/items/2493
1552,SSID2175373,https://v3.imaginerio.org/api/items/2494
1553,SSID2175374,https://v3.imaginerio.org/api/items/2495
1554,SSID2175376,https://v3.imaginerio.org/api/items/2496
1555,SSID2175377,https://v3.imaginerio.org/api/items/2497
1556,SSID2175378,https://v3.imaginerio.org/api/items/2498
1557,SSID2151987,https://v3.imaginerio.org/api/items/2499
1558,SSID2151988,https://v3.imaginerio.org/api/items/2500
1559,SSID2151990,https://v3.imaginerio.org/api/items/2501
1560,SSID2151991,https://v3.imaginerio.org/api/items/2502
1561,SSID2151992,https://v3.imaginerio.org/api/items/2503
1562,SSID2151993,https://v3.imaginerio.org/api/items/2504
1563,SSID2151994,https://v3.imaginerio.org/api/items/2505
1564,SSID2151965,https://v3.imaginerio.org/api/items/2506
1565,SSID2151966,https://v3.imaginerio.org/api/items/2507
1566,SSID2151969,https://v3.imaginerio.org/api/items/2508
1567,SSID2151973,https://v3.imaginerio.org/api/items/2509
1568,SSID2151974,https://v3.imaginerio.org/api/items/2510
1569,SSID2151977,https://v3.imaginerio.org/api/items/2511
1570,SSID2151979,https://v3.imaginerio.org/api/items/2512
1571,SSID2151984,https://v3.imaginerio.org/api/items/2513
